"Lines","File","EmptyBlocks","Methods","DebugLog"
"15","C:\ObsidianProtocol-Autonomous-Warfare\Assets\Scripts\Popups\Combat\Base\POP012_BaseAttacked.cs","0","1","1"
"15","C:\ObsidianProtocol-Autonomous-Warfare\Assets\Scripts\Popups\Combat\Detection\POP001_EnemyDetected.cs","0","1","1"
"15","C:\ObsidianProtocol-Autonomous-Warfare\Assets\Scripts\Popups\Combat\Detection\POP002_EnemyLost.cs","0","1","1"
"15","C:\ObsidianProtocol-Autonomous-Warfare\Assets\Scripts\Popups\Combat\Detection\POP003_TargetAcquired.cs","0","1","1"
"15","C:\ObsidianProtocol-Autonomous-Warfare\Assets\Scripts\Popups\Combat\Objectives\POP009_ObjectiveAttacked.cs","0","1","1"
"15","C:\ObsidianProtocol-Autonomous-Warfare\Assets\Scripts\Popups\Combat\Objectives\POP010_ObjectiveCaptured.cs","0","1","1"
"15","C:\ObsidianProtocol-Autonomous-Warfare\Assets\Scripts\Popups\Combat\Objectives\POP011_ObjectiveLost.cs","0","1","1"
"15","C:\ObsidianProtocol-Autonomous-Warfare\Assets\Scripts\Popups\Combat\Squad\POP007_SquadDamaged.cs","0","1","1"
"15","C:\ObsidianProtocol-Autonomous-Warfare\Assets\Scripts\Popups\Combat\Squad\POP008_SquadDestroyed.cs","0","1","1"
"15","C:\ObsidianProtocol-Autonomous-Warfare\Assets\Scripts\Popups\Combat\Threat\POP013_CriticalThreat.cs","0","1","1"
"15","C:\ObsidianProtocol-Autonomous-Warfare\Assets\Scripts\Popups\Combat\Threat\POP014_RetreatRecommended.cs","0","1","1"
"15","C:\ObsidianProtocol-Autonomous-Warfare\Assets\Scripts\Popups\Combat\Threat\POP015_ReinforcementAvailable.cs","0","1","1"
"15","C:\ObsidianProtocol-Autonomous-Warfare\Assets\Scripts\Popups\Combat\Unit\POP004_UnderAttack.cs","0","1","1"
"15","C:\ObsidianProtocol-Autonomous-Warfare\Assets\Scripts\Popups\Combat\Unit\POP005_UnitDamaged.cs","0","1","1"
"15","C:\ObsidianProtocol-Autonomous-Warfare\Assets\Scripts\Popups\Combat\Unit\POP006_UnitDestroyed.cs","0","1","1"
"15","C:\ObsidianProtocol-Autonomous-Warfare\Assets\Scripts\UI\Campaign\Deployment\CAM008_DeploymentPreparation.cs","0","1","1"
"15","C:\ObsidianProtocol-Autonomous-Warfare\Assets\Scripts\UI\Campaign\Deployment\CAM009_MissionLoading.cs","0","1","1"
"15","C:\ObsidianProtocol-Autonomous-Warfare\Assets\Scripts\UI\Campaign\Deployment\CAM010_MissionHUD.cs","0","1","1"
"15","C:\ObsidianProtocol-Autonomous-Warfare\Assets\Scripts\UI\Campaign\Main\CAM001_CampaignHome.cs","0","1","1"
"15","C:\ObsidianProtocol-Autonomous-Warfare\Assets\Scripts\UI\Campaign\Map\CAM002_CampaignMap.cs","0","1","1"
"15","C:\ObsidianProtocol-Autonomous-Warfare\Assets\Scripts\UI\Campaign\Map\CAM003_RegionSelection.cs","0","1","1"
"15","C:\ObsidianProtocol-Autonomous-Warfare\Assets\Scripts\UI\Campaign\Missions\CAM004_MissionSelection.cs","0","1","1"
"15","C:\ObsidianProtocol-Autonomous-Warfare\Assets\Scripts\UI\Campaign\Missions\CAM005_MissionBriefing.cs","0","1","1"
"15","C:\ObsidianProtocol-Autonomous-Warfare\Assets\Scripts\UI\Campaign\Missions\CAM006_MissionObjectives.cs","0","1","1"
"15","C:\ObsidianProtocol-Autonomous-Warfare\Assets\Scripts\UI\Campaign\Missions\CAM007_MissionRequirements.cs","0","1","1"
"15","C:\ObsidianProtocol-Autonomous-Warfare\Assets\Scripts\UI\Campaign\Progression\CAM015_CampaignProgression.cs","0","1","1"
"15","C:\ObsidianProtocol-Autonomous-Warfare\Assets\Scripts\UI\Campaign\Results\CAM011_MissionProgress.cs","0","1","1"
"15","C:\ObsidianProtocol-Autonomous-Warfare\Assets\Scripts\UI\Campaign\Results\CAM012_MissionComplete.cs","0","1","1"
"15","C:\ObsidianProtocol-Autonomous-Warfare\Assets\Scripts\UI\Campaign\Results\CAM013_MissionFailed.cs","0","1","1"
"15","C:\ObsidianProtocol-Autonomous-Warfare\Assets\Scripts\UI\Campaign\Results\CAM014_MissionRewards.cs","0","1","1"
"15","C:\ObsidianProtocol-Autonomous-Warfare\Assets\Scripts\UI\Garage\Configuration\GAR012_ConfigurationScreen.cs","0","1","1"
"15","C:\ObsidianProtocol-Autonomous-Warfare\Assets\Scripts\UI\Garage\Configuration\GAR013_Equipment.cs","0","1","1"
"15","C:\ObsidianProtocol-Autonomous-Warfare\Assets\Scripts\UI\Garage\Configuration\GAR014_Weapons.cs","0","1","1"
"15","C:\ObsidianProtocol-Autonomous-Warfare\Assets\Scripts\UI\Garage\Configuration\GAR015_Armor.cs","0","1","1"
"15","C:\ObsidianProtocol-Autonomous-Warfare\Assets\Scripts\UI\Garage\Configuration\GAR016_Sensors.cs","0","1","1"
"15","C:\ObsidianProtocol-Autonomous-Warfare\Assets\Scripts\UI\Garage\Configuration\GAR017_Modules.cs","0","1","1"
"15","C:\ObsidianProtocol-Autonomous-Warfare\Assets\Scripts\UI\Garage\Configuration\GAR018_AIPersonality.cs","0","1","1"
"15","C:\ObsidianProtocol-Autonomous-Warfare\Assets\Scripts\UI\Garage\Configuration\GAR019_AIBehavior.cs","0","1","1"
"15","C:\ObsidianProtocol-Autonomous-Warfare\Assets\Scripts\UI\Garage\Configuration\GAR020_LoadoutSave.cs","0","1","1"
"15","C:\ObsidianProtocol-Autonomous-Warfare\Assets\Scripts\UI\Garage\Customization\GAR026_Paint.cs","0","1","1"
"15","C:\ObsidianProtocol-Autonomous-Warfare\Assets\Scripts\UI\Garage\Customization\GAR027_ColorSelection.cs","0","1","1"
"15","C:\ObsidianProtocol-Autonomous-Warfare\Assets\Scripts\UI\Garage\Customization\GAR028_Decals.cs","0","1","1"
"15","C:\ObsidianProtocol-Autonomous-Warfare\Assets\Scripts\UI\Garage\Customization\GAR029_Emblems.cs","0","1","1"
"15","C:\ObsidianProtocol-Autonomous-Warfare\Assets\Scripts\UI\Garage\Customization\GAR030_UnitName.cs","0","1","1"
"15","C:\ObsidianProtocol-Autonomous-Warfare\Assets\Scripts\UI\Garage\Customization\GAR031_CustomizationPreview.cs","0","1","1"
"15","C:\ObsidianProtocol-Autonomous-Warfare\Assets\Scripts\UI\Garage\Customization\GAR032_SaveCustomization.cs","0","1","1"
"15","C:\ObsidianProtocol-Autonomous-Warfare\Assets\Scripts\UI\Garage\Inspection\GAR006_UnitInspection.cs","0","1","1"
"15","C:\ObsidianProtocol-Autonomous-Warfare\Assets\Scripts\UI\Garage\Inspection\GAR007_RotateUnit.cs","0","1","1"
"15","C:\ObsidianProtocol-Autonomous-Warfare\Assets\Scripts\UI\Garage\Inspection\GAR008_ZoomUnit.cs","0","1","1"
"15","C:\ObsidianProtocol-Autonomous-Warfare\Assets\Scripts\UI\Garage\Inspection\GAR009_UnitInformation.cs","0","1","1"
"15","C:\ObsidianProtocol-Autonomous-Warfare\Assets\Scripts\UI\Garage\Inspection\GAR010_UnitStatistics.cs","0","1","1"
"15","C:\ObsidianProtocol-Autonomous-Warfare\Assets\Scripts\UI\Garage\Inspection\GAR011_UnitCondition.cs","0","1","1"
"15","C:\ObsidianProtocol-Autonomous-Warfare\Assets\Scripts\UI\Garage\Main\GAR001_GarageEntryScreen.cs","0","1","1"
"15","C:\ObsidianProtocol-Autonomous-Warfare\Assets\Scripts\UI\Garage\Main\GAR002_GarageOverview.cs","0","1","1"
"15","C:\ObsidianProtocol-Autonomous-Warfare\Assets\Scripts\UI\Garage\Main\GAR003_FleetOverview.cs","0","1","1"
"15","C:\ObsidianProtocol-Autonomous-Warfare\Assets\Scripts\UI\Garage\Main\GAR004_AvailableSlots.cs","0","1","1"
"15","C:\ObsidianProtocol-Autonomous-Warfare\Assets\Scripts\UI\Garage\Main\GAR005_FacilityStatus.cs","0","1","1"
"15","C:\ObsidianProtocol-Autonomous-Warfare\Assets\Scripts\UI\Garage\Maintenance\GAR021_RepairScreen.cs","0","1","1"
"15","C:\ObsidianProtocol-Autonomous-Warfare\Assets\Scripts\UI\Garage\Maintenance\GAR022_RepairCondition.cs","0","1","1"
"15","C:\ObsidianProtocol-Autonomous-Warfare\Assets\Scripts\UI\Garage\Maintenance\GAR023_RepairCost.cs","0","1","1"
"15","C:\ObsidianProtocol-Autonomous-Warfare\Assets\Scripts\UI\Garage\Maintenance\GAR024_RepairTime.cs","0","1","1"
"15","C:\ObsidianProtocol-Autonomous-Warfare\Assets\Scripts\UI\Garage\Maintenance\GAR025_RepairConfirmation.cs","0","1","1"
"15","C:\ObsidianProtocol-Autonomous-Warfare\Assets\Scripts\UI\HUD\Autonomy\Behaviors\AUTO009_MovementBehavior.cs","0","1","1"
"15","C:\ObsidianProtocol-Autonomous-Warfare\Assets\Scripts\UI\HUD\Autonomy\Behaviors\AUTO010_FlankingIntent.cs","0","1","1"
"15","C:\ObsidianProtocol-Autonomous-Warfare\Assets\Scripts\UI\HUD\Autonomy\Behaviors\AUTO011_SuppressionIntent.cs","0","1","1"
"15","C:\ObsidianProtocol-Autonomous-Warfare\Assets\Scripts\UI\HUD\Autonomy\Behaviors\AUTO012_BreachIntent.cs","0","1","1"
"15","C:\ObsidianProtocol-Autonomous-Warfare\Assets\Scripts\UI\HUD\Autonomy\Behaviors\AUTO013_DefensiveIntent.cs","0","1","1"
"15","C:\ObsidianProtocol-Autonomous-Warfare\Assets\Scripts\UI\HUD\Autonomy\Behaviors\AUTO014_ReconIntent.cs","0","1","1"
"15","C:\ObsidianProtocol-Autonomous-Warfare\Assets\Scripts\UI\HUD\Autonomy\Behaviors\AUTO015_PursuitIntent.cs","0","1","1"
"15","C:\ObsidianProtocol-Autonomous-Warfare\Assets\Scripts\UI\HUD\Autonomy\Behaviors\AUTO016_RetreatIntent.cs","0","1","1"
"15","C:\ObsidianProtocol-Autonomous-Warfare\Assets\Scripts\UI\HUD\Autonomy\Behaviors\AUTO017_ReinforcementIntent.cs","0","1","1"
"15","C:\ObsidianProtocol-Autonomous-Warfare\Assets\Scripts\UI\HUD\Autonomy\Behaviors\AUTO018_SupportIntent.cs","0","1","1"
"15","C:\ObsidianProtocol-Autonomous-Warfare\Assets\Scripts\UI\HUD\Autonomy\Configuration\AUTO004_PrioritySelection.cs","0","1","1"
"15","C:\ObsidianProtocol-Autonomous-Warfare\Assets\Scripts\UI\HUD\Autonomy\Configuration\AUTO005_RulesOfEngagement.cs","0","1","1"
"15","C:\ObsidianProtocol-Autonomous-Warfare\Assets\Scripts\UI\HUD\Autonomy\Configuration\AUTO006_EngagementRange.cs","0","1","1"
"15","C:\ObsidianProtocol-Autonomous-Warfare\Assets\Scripts\UI\HUD\Autonomy\Configuration\AUTO007_AggressionSetting.cs","0","1","1"
"15","C:\ObsidianProtocol-Autonomous-Warfare\Assets\Scripts\UI\HUD\Autonomy\Configuration\AUTO008_FormationSetting.cs","0","1","1"
"15","C:\ObsidianProtocol-Autonomous-Warfare\Assets\Scripts\UI\HUD\Autonomy\Interface\AUTO001_IntentInterface.cs","0","1","1"
"15","C:\ObsidianProtocol-Autonomous-Warfare\Assets\Scripts\UI\HUD\Autonomy\Interface\AUTO002_IntentSelection.cs","0","1","1"
"15","C:\ObsidianProtocol-Autonomous-Warfare\Assets\Scripts\UI\HUD\Autonomy\Interface\AUTO003_ObjectiveSelection.cs","0","1","1"
"15","C:\ObsidianProtocol-Autonomous-Warfare\Assets\Scripts\UI\HUD\Autonomy\Status\AUTO019_AutonomyStateIndicator.cs","0","1","1"
"15","C:\ObsidianProtocol-Autonomous-Warfare\Assets\Scripts\UI\HUD\Autonomy\Status\AUTO020_AIDecisionStatusDisplay.cs","0","1","1"
"8","C:\ObsidianProtocol-Autonomous-Warfare\Assets\Scripts\UI\HUD\Battlefield\UnitCommandPanel\HUDAbilityControls.cs","0","1","1"
"8","C:\ObsidianProtocol-Autonomous-Warfare\Assets\Scripts\UI\HUD\Battlefield\UnitCommandPanel\HUDAttack.cs","0","1","1"
"8","C:\ObsidianProtocol-Autonomous-Warfare\Assets\Scripts\UI\HUD\Battlefield\UnitCommandPanel\HUDEscort.cs","0","1","1"
"8","C:\ObsidianProtocol-Autonomous-Warfare\Assets\Scripts\UI\HUD\Battlefield\UnitCommandPanel\HUDFollow.cs","0","1","1"
"8","C:\ObsidianProtocol-Autonomous-Warfare\Assets\Scripts\UI\HUD\Battlefield\UnitCommandPanel\HUDHold.cs","0","1","1"
"8","C:\ObsidianProtocol-Autonomous-Warfare\Assets\Scripts\UI\HUD\Battlefield\UnitCommandPanel\HUDMove.cs","0","1","1"
"8","C:\ObsidianProtocol-Autonomous-Warfare\Assets\Scripts\UI\HUD\Battlefield\UnitCommandPanel\HUDPatrol.cs","0","1","1"
"8","C:\ObsidianProtocol-Autonomous-Warfare\Assets\Scripts\UI\HUD\Battlefield\UnitCommandPanel\HUDRecon.cs","0","1","1"
"8","C:\ObsidianProtocol-Autonomous-Warfare\Assets\Scripts\UI\HUD\Battlefield\UnitCommandPanel\HUDRepair.cs","0","1","1"
"8","C:\ObsidianProtocol-Autonomous-Warfare\Assets\Scripts\UI\HUD\Battlefield\UnitCommandPanel\HUDResupply.cs","0","1","1"
"8","C:\ObsidianProtocol-Autonomous-Warfare\Assets\Scripts\UI\HUD\Battlefield\UnitCommandPanel\HUDRetreat.cs","0","1","1"
"8","C:\ObsidianProtocol-Autonomous-Warfare\Assets\Scripts\UI\HUD\Battlefield\UnitCommandPanel\HUDStop.cs","0","1","1"
"14","C:\ObsidianProtocol-Autonomous-Warfare\Assets\Scripts\UI\HUD\Battlefield\UnitControl\HUDSingleUnitSelection.cs","0","2","0"
"14","C:\ObsidianProtocol-Autonomous-Warfare\Assets\Scripts\UI\HUD\Battlefield\UnitControl\HUDSquadSelection.cs","0","2","0"
"15","C:\ObsidianProtocol-Autonomous-Warfare\Assets\Scripts\UI\HUD\Minimap\Controls\MAP013_CameraDirection.cs","0","1","1"
"15","C:\ObsidianProtocol-Autonomous-Warfare\Assets\Scripts\UI\HUD\Minimap\Controls\MAP014_Zoom.cs","0","1","1"
"15","C:\ObsidianProtocol-Autonomous-Warfare\Assets\Scripts\UI\HUD\Minimap\Controls\MAP015_MinimapFilters.cs","0","1","1"
"15","C:\ObsidianProtocol-Autonomous-Warfare\Assets\Scripts\UI\HUD\Minimap\Core\MAP001_MinimapFrame.cs","0","1","1"
"15","C:\ObsidianProtocol-Autonomous-Warfare\Assets\Scripts\UI\HUD\Minimap\Core\MAP002_Terrain.cs","0","1","1"
"15","C:\ObsidianProtocol-Autonomous-Warfare\Assets\Scripts\UI\HUD\Minimap\Core\MAP012_CameraPosition.cs","0","1","1"
"15","C:\ObsidianProtocol-Autonomous-Warfare\Assets\Scripts\UI\HUD\Minimap\Entities\MAP003_FriendlyUnits.cs","0","1","1"
"15","C:\ObsidianProtocol-Autonomous-Warfare\Assets\Scripts\UI\HUD\Minimap\Entities\MAP004_EnemyUnits.cs","0","1","1"
"15","C:\ObsidianProtocol-Autonomous-Warfare\Assets\Scripts\UI\HUD\Minimap\Entities\MAP005_UnknownContacts.cs","0","1","1"
"15","C:\ObsidianProtocol-Autonomous-Warfare\Assets\Scripts\UI\HUD\Minimap\Entities\MAP006_SquadMarkers.cs","0","1","1"
"15","C:\ObsidianProtocol-Autonomous-Warfare\Assets\Scripts\UI\HUD\Minimap\Entities\MAP008_ResourceLocations.cs","0","1","1"
"15","C:\ObsidianProtocol-Autonomous-Warfare\Assets\Scripts\UI\HUD\Minimap\Entities\MAP009_Structures.cs","0","1","1"
"15","C:\ObsidianProtocol-Autonomous-Warfare\Assets\Scripts\UI\HUD\Minimap\Markers\MAP007_ObjectiveMarkers.cs","0","1","1"
"15","C:\ObsidianProtocol-Autonomous-Warfare\Assets\Scripts\UI\HUD\Minimap\Markers\MAP010_TacticalMarkers.cs","0","1","1"
"15","C:\ObsidianProtocol-Autonomous-Warfare\Assets\Scripts\UI\HUD\Minimap\Markers\MAP011_Waypoints.cs","0","1","1"
"15","C:\ObsidianProtocol-Autonomous-Warfare\Assets\Scripts\UI\HUD\StrategicMap\Core\MAP031_StrategicMap.cs","0","1","1"
"15","C:\ObsidianProtocol-Autonomous-Warfare\Assets\Scripts\UI\HUD\StrategicMap\Core\MAP033_Regions.cs","0","1","1"
"15","C:\ObsidianProtocol-Autonomous-Warfare\Assets\Scripts\UI\HUD\StrategicMap\Forces\MAP034_Bases.cs","0","1","1"
"15","C:\ObsidianProtocol-Autonomous-Warfare\Assets\Scripts\UI\HUD\StrategicMap\Forces\MAP035_Armies.cs","0","1","1"
"15","C:\ObsidianProtocol-Autonomous-Warfare\Assets\Scripts\UI\HUD\StrategicMap\Forces\MAP036_FrontLines.cs","0","1","1"
"15","C:\ObsidianProtocol-Autonomous-Warfare\Assets\Scripts\UI\HUD\StrategicMap\Forces\MAP040_StrategicObjectives.cs","0","1","1"
"15","C:\ObsidianProtocol-Autonomous-Warfare\Assets\Scripts\UI\HUD\StrategicMap\Intelligence\MAP039_EnemyActivity.cs","0","1","1"
"15","C:\ObsidianProtocol-Autonomous-Warfare\Assets\Scripts\UI\HUD\StrategicMap\Intelligence\MAP042_IntelligenceLayer.cs","0","1","1"
"15","C:\ObsidianProtocol-Autonomous-Warfare\Assets\Scripts\UI\HUD\StrategicMap\Logistics\MAP037_Logistics.cs","0","1","1"
"15","C:\ObsidianProtocol-Autonomous-Warfare\Assets\Scripts\UI\HUD\StrategicMap\Logistics\MAP038_Resources.cs","0","1","1"
"15","C:\ObsidianProtocol-Autonomous-Warfare\Assets\Scripts\UI\HUD\StrategicMap\Logistics\MAP041_StrategicRoutes.cs","0","1","1"
"15","C:\ObsidianProtocol-Autonomous-Warfare\Assets\Scripts\UI\HUD\StrategicMap\Territory\MAP032_TerritoryControl.cs","0","1","1"
"15","C:\ObsidianProtocol-Autonomous-Warfare\Assets\Scripts\UI\HUD\TacticalMap\Core\MAP016_TacticalMapWindow.cs","0","1","1"
"15","C:\ObsidianProtocol-Autonomous-Warfare\Assets\Scripts\UI\HUD\TacticalMap\Core\MAP017_FullBattlefieldView.cs","0","1","1"
"15","C:\ObsidianProtocol-Autonomous-Warfare\Assets\Scripts\UI\HUD\TacticalMap\Filters\MAP018_UnitFiltering.cs","0","1","1"
"15","C:\ObsidianProtocol-Autonomous-Warfare\Assets\Scripts\UI\HUD\TacticalMap\Filters\MAP019_SquadFiltering.cs","0","1","1"
"15","C:\ObsidianProtocol-Autonomous-Warfare\Assets\Scripts\UI\HUD\TacticalMap\Filters\MAP020_EnemyFiltering.cs","0","1","1"
"15","C:\ObsidianProtocol-Autonomous-Warfare\Assets\Scripts\UI\HUD\TacticalMap\Filters\MAP021_IntelligenceFiltering.cs","0","1","1"
"15","C:\ObsidianProtocol-Autonomous-Warfare\Assets\Scripts\UI\HUD\TacticalMap\Filters\MAP022_LogisticsFiltering.cs","0","1","1"
"15","C:\ObsidianProtocol-Autonomous-Warfare\Assets\Scripts\UI\HUD\TacticalMap\Filters\MAP023_ResourceFiltering.cs","0","1","1"
"15","C:\ObsidianProtocol-Autonomous-Warfare\Assets\Scripts\UI\HUD\TacticalMap\Filters\MAP024_ObjectiveFiltering.cs","0","1","1"
"15","C:\ObsidianProtocol-Autonomous-Warfare\Assets\Scripts\UI\HUD\TacticalMap\Intelligence\MAP025_ThreatOverlay.cs","0","1","1"
"15","C:\ObsidianProtocol-Autonomous-Warfare\Assets\Scripts\UI\HUD\TacticalMap\Intelligence\MAP026_SensorCoverage.cs","0","1","1"
"15","C:\ObsidianProtocol-Autonomous-Warfare\Assets\Scripts\UI\HUD\TacticalMap\Overlays\MAP027_MovementRoutes.cs","0","1","1"
"15","C:\ObsidianProtocol-Autonomous-Warfare\Assets\Scripts\UI\HUD\TacticalMap\Overlays\MAP028_AttackRoutes.cs","0","1","1"
"15","C:\ObsidianProtocol-Autonomous-Warfare\Assets\Scripts\UI\HUD\TacticalMap\Overlays\MAP029_DefensiveZones.cs","0","1","1"
"15","C:\ObsidianProtocol-Autonomous-Warfare\Assets\Scripts\UI\HUD\TacticalMap\Overlays\MAP030_ReconZones.cs","0","1","1"
"17","C:\ObsidianProtocol-Autonomous-Warfare\Assets\Scripts\UI\Input\UIInputManager.cs","0","1","0"
"15","C:\ObsidianProtocol-Autonomous-Warfare\Assets\Scripts\UI\Menus\Multiplayer\Home\MP001_MultiplayerHome.cs","0","1","1"
"15","C:\ObsidianProtocol-Autonomous-Warfare\Assets\Scripts\UI\Menus\Multiplayer\Home\MP002_Play.cs","0","1","1"
"15","C:\ObsidianProtocol-Autonomous-Warfare\Assets\Scripts\UI\Menus\Multiplayer\Home\MP003_CreateMatch.cs","0","1","1"
"15","C:\ObsidianProtocol-Autonomous-Warfare\Assets\Scripts\UI\Menus\Multiplayer\Home\MP004_JoinMatch.cs","0","1","1"
"15","C:\ObsidianProtocol-Autonomous-Warfare\Assets\Scripts\UI\Menus\Multiplayer\Home\MP005_ServerBrowser.cs","0","1","1"
"15","C:\ObsidianProtocol-Autonomous-Warfare\Assets\Scripts\UI\Menus\Multiplayer\Home\MP006_MatchType.cs","0","1","1"
"15","C:\ObsidianProtocol-Autonomous-Warfare\Assets\Scripts\UI\Menus\Multiplayer\Home\MP007_MapSelection.cs","0","1","1"
"15","C:\ObsidianProtocol-Autonomous-Warfare\Assets\Scripts\UI\Menus\Multiplayer\Home\MP008_PlayerCount.cs","0","1","1"
"15","C:\ObsidianProtocol-Autonomous-Warfare\Assets\Scripts\UI\Menus\Multiplayer\Home\MP009_TeamSelection.cs","0","1","1"
"15","C:\ObsidianProtocol-Autonomous-Warfare\Assets\Scripts\UI\Menus\Multiplayer\Home\MP010_FactionSelection.cs","0","1","1"
"15","C:\ObsidianProtocol-Autonomous-Warfare\Assets\Scripts\UI\Menus\Multiplayer\Home\MP011_MatchSettings.cs","0","1","1"
"15","C:\ObsidianProtocol-Autonomous-Warfare\Assets\Scripts\UI\Menus\Multiplayer\Home\MP012_DeploymentBudget.cs","0","1","1"
"15","C:\ObsidianProtocol-Autonomous-Warfare\Assets\Scripts\UI\Menus\Multiplayer\Home\MP013_ReadyState.cs","0","1","1"
"15","C:\ObsidianProtocol-Autonomous-Warfare\Assets\Scripts\UI\Menus\Multiplayer\Home\MP014_PlayerList.cs","0","1","1"
"15","C:\ObsidianProtocol-Autonomous-Warfare\Assets\Scripts\UI\Menus\Multiplayer\Home\MP015_TeamList.cs","0","1","1"
"15","C:\ObsidianProtocol-Autonomous-Warfare\Assets\Scripts\UI\Menus\Multiplayer\Home\MP016_MatchCountdown.cs","0","1","1"
"15","C:\ObsidianProtocol-Autonomous-Warfare\Assets\Scripts\UI\Menus\Multiplayer\Home\MP017_LoadingScreen.cs","0","1","1"
"15","C:\ObsidianProtocol-Autonomous-Warfare\Assets\Scripts\UI\Menus\Multiplayer\Match\MP018_PlayerStatus.cs","0","1","1"
"15","C:\ObsidianProtocol-Autonomous-Warfare\Assets\Scripts\UI\Menus\Multiplayer\Match\MP019_TeamStatus.cs","0","1","1"
"15","C:\ObsidianProtocol-Autonomous-Warfare\Assets\Scripts\UI\Menus\Multiplayer\Match\MP020_TeamObjectives.cs","0","1","1"
"15","C:\ObsidianProtocol-Autonomous-Warfare\Assets\Scripts\UI\Menus\Multiplayer\Match\MP021_TeamResources.cs","0","1","1"
"15","C:\ObsidianProtocol-Autonomous-Warfare\Assets\Scripts\UI\Menus\Multiplayer\Match\MP022_TeamDeployment.cs","0","1","1"
"15","C:\ObsidianProtocol-Autonomous-Warfare\Assets\Scripts\UI\Menus\Multiplayer\Match\MP023_Score.cs","0","1","1"
"15","C:\ObsidianProtocol-Autonomous-Warfare\Assets\Scripts\UI\Menus\Multiplayer\Match\MP024_MatchTimer.cs","0","1","1"
"15","C:\ObsidianProtocol-Autonomous-Warfare\Assets\Scripts\UI\Menus\Multiplayer\Match\MP025_PlayerCommunication.cs","0","1","1"
"15","C:\ObsidianProtocol-Autonomous-Warfare\Assets\Scripts\UI\Menus\Multiplayer\Match\MP026_TeamCommunication.cs","0","1","1"
"15","C:\ObsidianProtocol-Autonomous-Warfare\Assets\Scripts\UI\Menus\Multiplayer\Match\MP027_PlayerList.cs","0","1","1"
"15","C:\ObsidianProtocol-Autonomous-Warfare\Assets\Scripts\UI\Menus\Multiplayer\Match\MP028_Scoreboard.cs","0","1","1"
"15","C:\ObsidianProtocol-Autonomous-Warfare\Assets\Scripts\UI\Menus\Multiplayer\Match\MP029_SpectatorUI.cs","0","1","1"
"15","C:\ObsidianProtocol-Autonomous-Warfare\Assets\Scripts\UI\Menus\Pause\MENU001_PauseOverlay.cs","0","1","1"
"15","C:\ObsidianProtocol-Autonomous-Warfare\Assets\Scripts\UI\Menus\Pause\MENU002_Resume.cs","0","1","1"
"15","C:\ObsidianProtocol-Autonomous-Warfare\Assets\Scripts\UI\Menus\Pause\MENU003_Settings.cs","0","1","1"
"15","C:\ObsidianProtocol-Autonomous-Warfare\Assets\Scripts\UI\Menus\Pause\MENU004_Controls.cs","0","1","1"
"15","C:\ObsidianProtocol-Autonomous-Warfare\Assets\Scripts\UI\Menus\Pause\MENU005_Objectives.cs","0","1","1"
"15","C:\ObsidianProtocol-Autonomous-Warfare\Assets\Scripts\UI\Menus\Pause\MENU006_Map.cs","0","1","1"
"15","C:\ObsidianProtocol-Autonomous-Warfare\Assets\Scripts\UI\Menus\Pause\MENU007_Restart.cs","0","1","1"
"15","C:\ObsidianProtocol-Autonomous-Warfare\Assets\Scripts\UI\Menus\Pause\MENU008_ExitMatch.cs","0","1","1"
"15","C:\ObsidianProtocol-Autonomous-Warfare\Assets\Scripts\UI\Menus\Pause\MENU009_QuitGame.cs","0","1","1"
"15","C:\ObsidianProtocol-Autonomous-Warfare\Assets\Scripts\UI\Menus\Settings\MENU010_SettingsHome.cs","0","1","1"
"15","C:\ObsidianProtocol-Autonomous-Warfare\Assets\Scripts\UI\Menus\Settings\MENU011_Video.cs","0","1","1"
"15","C:\ObsidianProtocol-Autonomous-Warfare\Assets\Scripts\UI\Menus\Settings\MENU012_Graphics.cs","0","1","1"
"15","C:\ObsidianProtocol-Autonomous-Warfare\Assets\Scripts\UI\Menus\Settings\MENU013_Display.cs","0","1","1"
"15","C:\ObsidianProtocol-Autonomous-Warfare\Assets\Scripts\UI\Menus\Settings\MENU014_Audio.cs","0","1","1"
"15","C:\ObsidianProtocol-Autonomous-Warfare\Assets\Scripts\UI\Menus\Settings\MENU015_Gameplay.cs","0","1","1"
"15","C:\ObsidianProtocol-Autonomous-Warfare\Assets\Scripts\UI\Menus\Settings\MENU016_Controls.cs","0","1","1"
"15","C:\ObsidianProtocol-Autonomous-Warfare\Assets\Scripts\UI\Menus\Settings\MENU017_Mouse.cs","0","1","1"
"15","C:\ObsidianProtocol-Autonomous-Warfare\Assets\Scripts\UI\Menus\Settings\MENU018_Keyboard.cs","0","1","1"
"15","C:\ObsidianProtocol-Autonomous-Warfare\Assets\Scripts\UI\Menus\Settings\MENU019_Controller.cs","0","1","1"
"15","C:\ObsidianProtocol-Autonomous-Warfare\Assets\Scripts\UI\Menus\Settings\MENU020_VR.cs","0","1","1"
"15","C:\ObsidianProtocol-Autonomous-Warfare\Assets\Scripts\UI\Menus\Settings\MENU021_Accessibility.cs","0","1","1"
"15","C:\ObsidianProtocol-Autonomous-Warfare\Assets\Scripts\UI\Menus\Settings\MENU022_UIScale.cs","0","1","1"
"15","C:\ObsidianProtocol-Autonomous-Warfare\Assets\Scripts\UI\Menus\Settings\MENU023_HUDCustomization.cs","0","1","1"
"15","C:\ObsidianProtocol-Autonomous-Warfare\Assets\Scripts\UI\Menus\Settings\MENU024_ColorDisplayOptions.cs","0","1","1"
"15","C:\ObsidianProtocol-Autonomous-Warfare\Assets\Scripts\UI\Menus\Settings\MENU025_Apply.cs","0","1","1"
"15","C:\ObsidianProtocol-Autonomous-Warfare\Assets\Scripts\UI\Menus\Settings\MENU026_Reset.cs","0","1","1"
"15","C:\ObsidianProtocol-Autonomous-Warfare\Assets\Scripts\UI\Menus\Settings\MENU027_Back.cs","0","1","1"
"17","C:\ObsidianProtocol-Autonomous-Warfare\Assets\Scripts\UI\Modals\UIModalManager.cs","0","1","0"
"17","C:\ObsidianProtocol-Autonomous-Warfare\Assets\Scripts\UI\Notifications\UINotificationManager.cs","0","1","0"
"15","C:\ObsidianProtocol-Autonomous-Warfare\Assets\Scripts\UI\Notifications\Objectives\NOTIF008_ObjectiveCompleted.cs","0","1","1"
"15","C:\ObsidianProtocol-Autonomous-Warfare\Assets\Scripts\UI\Notifications\Objectives\NOTIF009_ObjectiveFailed.cs","0","1","1"
"15","C:\ObsidianProtocol-Autonomous-Warfare\Assets\Scripts\UI\Notifications\Operations\NOTIF015_ConstructionComplete.cs","0","1","1"
"15","C:\ObsidianProtocol-Autonomous-Warfare\Assets\Scripts\UI\Notifications\Operations\NOTIF016_ProductionComplete.cs","0","1","1"
"15","C:\ObsidianProtocol-Autonomous-Warfare\Assets\Scripts\UI\Notifications\Operations\NOTIF017_RepairComplete.cs","0","1","1"
"15","C:\ObsidianProtocol-Autonomous-Warfare\Assets\Scripts\UI\Notifications\Operations\NOTIF018_ResearchComplete.cs","0","1","1"
"15","C:\ObsidianProtocol-Autonomous-Warfare\Assets\Scripts\UI\Notifications\Resources\NOTIF001_ResourceGained.cs","0","1","1"
"15","C:\ObsidianProtocol-Autonomous-Warfare\Assets\Scripts\UI\Notifications\Resources\NOTIF002_ResourceDepleted.cs","0","1","1"
"15","C:\ObsidianProtocol-Autonomous-Warfare\Assets\Scripts\UI\Notifications\Squads\NOTIF006_SquadCreated.cs","0","1","1"
"15","C:\ObsidianProtocol-Autonomous-Warfare\Assets\Scripts\UI\Notifications\Squads\NOTIF007_SquadDestroyed.cs","0","1","1"
"15","C:\ObsidianProtocol-Autonomous-Warfare\Assets\Scripts\UI\Notifications\Units\NOTIF003_UnitProduced.cs","0","1","1"
"15","C:\ObsidianProtocol-Autonomous-Warfare\Assets\Scripts\UI\Notifications\Units\NOTIF004_UnitDeployed.cs","0","1","1"
"15","C:\ObsidianProtocol-Autonomous-Warfare\Assets\Scripts\UI\Notifications\Units\NOTIF005_UnitDestroyed.cs","0","1","1"
"15","C:\ObsidianProtocol-Autonomous-Warfare\Assets\Scripts\UI\Notifications\Unlocks\NOTIF010_TechnologyUnlocked.cs","0","1","1"
"15","C:\ObsidianProtocol-Autonomous-Warfare\Assets\Scripts\UI\Notifications\Unlocks\NOTIF011_UnitUnlocked.cs","0","1","1"
"15","C:\ObsidianProtocol-Autonomous-Warfare\Assets\Scripts\UI\Notifications\Unlocks\NOTIF012_EquipmentUnlocked.cs","0","1","1"
"15","C:\ObsidianProtocol-Autonomous-Warfare\Assets\Scripts\UI\Notifications\Unlocks\NOTIF013_MissionUnlocked.cs","0","1","1"
"15","C:\ObsidianProtocol-Autonomous-Warfare\Assets\Scripts\UI\Notifications\Unlocks\NOTIF014_AchievementUnlocked.cs","0","1","1"
"17","C:\ObsidianProtocol-Autonomous-Warfare\Assets\Scripts\UI\Overlays\UIOverlayManager.cs","0","1","0"
"15","C:\ObsidianProtocol-Autonomous-Warfare\Assets\Scripts\UI\Overlays\Airspace\OVER013_AirspaceOverlay.cs","0","1","1"
"15","C:\ObsidianProtocol-Autonomous-Warfare\Assets\Scripts\UI\Overlays\Combat\OVER003_ThreatOverlay.cs","0","1","1"
"15","C:\ObsidianProtocol-Autonomous-Warfare\Assets\Scripts\UI\Overlays\Combat\OVER004_RangeOverlay.cs","0","1","1"
"15","C:\ObsidianProtocol-Autonomous-Warfare\Assets\Scripts\UI\Overlays\Combat\OVER005_WeaponRangeOverlay.cs","0","1","1"
"15","C:\ObsidianProtocol-Autonomous-Warfare\Assets\Scripts\UI\Overlays\Command\OVER015_CommandNetworkOverlay.cs","0","1","1"
"15","C:\ObsidianProtocol-Autonomous-Warfare\Assets\Scripts\UI\Overlays\Formation\OVER008_FormationOverlay.cs","0","1","1"
"15","C:\ObsidianProtocol-Autonomous-Warfare\Assets\Scripts\UI\Overlays\Logistics\OVER012_LogisticsOverlay.cs","0","1","1"
"15","C:\ObsidianProtocol-Autonomous-Warfare\Assets\Scripts\UI\Overlays\Movement\OVER006_MovementRangeOverlay.cs","0","1","1"
"15","C:\ObsidianProtocol-Autonomous-Warfare\Assets\Scripts\UI\Overlays\Movement\OVER007_PathOverlay.cs","0","1","1"
"15","C:\ObsidianProtocol-Autonomous-Warfare\Assets\Scripts\UI\Overlays\Naval\OVER014_NavalOverlay.cs","0","1","1"
"15","C:\ObsidianProtocol-Autonomous-Warfare\Assets\Scripts\UI\Overlays\Resources\OVER011_ResourceOverlay.cs","0","1","1"
"15","C:\ObsidianProtocol-Autonomous-Warfare\Assets\Scripts\UI\Overlays\Sensors\OVER002_SensorCoverageOverlay.cs","0","1","1"
"15","C:\ObsidianProtocol-Autonomous-Warfare\Assets\Scripts\UI\Overlays\Visibility\OVER001_FogOfWarOverlay.cs","0","1","1"
"15","C:\ObsidianProtocol-Autonomous-Warfare\Assets\Scripts\UI\Overlays\Zones\OVER009_DefensiveZoneOverlay.cs","0","1","1"
"15","C:\ObsidianProtocol-Autonomous-Warfare\Assets\Scripts\UI\Overlays\Zones\OVER010_ObjectiveZoneOverlay.cs","0","1","1"
"16","C:\ObsidianProtocol-Autonomous-Warfare\Assets\Scripts\UI\Polish\Animation\POLISH006_SelectionAnimations.cs","0","1","1"
"16","C:\ObsidianProtocol-Autonomous-Warfare\Assets\Scripts\UI\Polish\Animation\POLISH007_AlertAnimations.cs","0","1","1"
"16","C:\ObsidianProtocol-Autonomous-Warfare\Assets\Scripts\UI\Polish\Animation\POLISH008_PopupAnimations.cs","0","1","1"
"16","C:\ObsidianProtocol-Autonomous-Warfare\Assets\Scripts\UI\Polish\Animation\POLISH009_WindowTransitions.cs","0","1","1"
"16","C:\ObsidianProtocol-Autonomous-Warfare\Assets\Scripts\UI\Polish\Animation\POLISH010_MapTransitions.cs","0","1","1"
"16","C:\ObsidianProtocol-Autonomous-Warfare\Assets\Scripts\UI\Polish\Feedback\POLISH014_AudioFeedback.cs","0","1","1"
"16","C:\ObsidianProtocol-Autonomous-Warfare\Assets\Scripts\UI\Polish\Feedback\POLISH015_ControllerFeedback.cs","0","1","1"
"16","C:\ObsidianProtocol-Autonomous-Warfare\Assets\Scripts\UI\Polish\Feedback\POLISH016_VRFeedback.cs","0","1","1"
"16","C:\ObsidianProtocol-Autonomous-Warfare\Assets\Scripts\UI\Polish\Interaction\POLISH011_HoverFeedback.cs","0","1","1"
"16","C:\ObsidianProtocol-Autonomous-Warfare\Assets\Scripts\UI\Polish\Interaction\POLISH012_ClickFeedback.cs","0","1","1"
"16","C:\ObsidianProtocol-Autonomous-Warfare\Assets\Scripts\UI\Polish\Interaction\POLISH013_ErrorFeedback.cs","0","1","1"
"16","C:\ObsidianProtocol-Autonomous-Warfare\Assets\Scripts\UI\Polish\Layout\POLISH001_HUDSpacing.cs","0","1","1"
"16","C:\ObsidianProtocol-Autonomous-Warfare\Assets\Scripts\UI\Polish\Layout\POLISH002_Alignment.cs","0","1","1"
"16","C:\ObsidianProtocol-Autonomous-Warfare\Assets\Scripts\UI\Polish\Performance\POLISH020_PerformanceOptimization.cs","0","1","1"
"16","C:\ObsidianProtocol-Autonomous-Warfare\Assets\Scripts\UI\Polish\Testing\POLISH017_ResolutionTesting.cs","0","1","1"
"16","C:\ObsidianProtocol-Autonomous-Warfare\Assets\Scripts\UI\Polish\Testing\POLISH018_UltrawideTesting.cs","0","1","1"
"16","C:\ObsidianProtocol-Autonomous-Warfare\Assets\Scripts\UI\Polish\Testing\POLISH019_VRReadability.cs","0","1","1"
"16","C:\ObsidianProtocol-Autonomous-Warfare\Assets\Scripts\UI\Polish\Visual\POLISH003_Typography.cs","0","1","1"
"16","C:\ObsidianProtocol-Autonomous-Warfare\Assets\Scripts\UI\Polish\Visual\POLISH004_IconConsistency.cs","0","1","1"
"16","C:\ObsidianProtocol-Autonomous-Warfare\Assets\Scripts\UI\Polish\Visual\POLISH005_PanelHierarchy.cs","0","1","1"
"17","C:\ObsidianProtocol-Autonomous-Warfare\Assets\Scripts\UI\Popups\UIPopupManager.cs","0","1","0"
"15","C:\ObsidianProtocol-Autonomous-Warfare\Assets\Scripts\UI\Popups\System\Confirmation\POP016_ConfirmationPopup.cs","0","1","1"
"15","C:\ObsidianProtocol-Autonomous-Warfare\Assets\Scripts\UI\Popups\System\Confirmation\POP017_CancelConfirmation.cs","0","1","1"
"15","C:\ObsidianProtocol-Autonomous-Warfare\Assets\Scripts\UI\Popups\System\Confirmation\POP018_DeleteConfirmation.cs","0","1","1"
"15","C:\ObsidianProtocol-Autonomous-Warfare\Assets\Scripts\UI\Popups\System\Confirmation\POP019_PurchaseConfirmation.cs","0","1","1"
"15","C:\ObsidianProtocol-Autonomous-Warfare\Assets\Scripts\UI\Popups\System\Confirmation\POP020_SellConfirmation.cs","0","1","1"
"15","C:\ObsidianProtocol-Autonomous-Warfare\Assets\Scripts\UI\Popups\System\Confirmation\POP021_RepairConfirmation.cs","0","1","1"
"15","C:\ObsidianProtocol-Autonomous-Warfare\Assets\Scripts\UI\Popups\System\Confirmation\POP022_SalvageConfirmation.cs","0","1","1"
"15","C:\ObsidianProtocol-Autonomous-Warfare\Assets\Scripts\UI\Popups\System\Confirmation\POP023_DeployConfirmation.cs","0","1","1"
"15","C:\ObsidianProtocol-Autonomous-Warfare\Assets\Scripts\UI\Popups\System\Confirmation\POP024_ExitConfirmation.cs","0","1","1"
"15","C:\ObsidianProtocol-Autonomous-Warfare\Assets\Scripts\UI\Popups\System\Confirmation\POP025_RestartConfirmation.cs","0","1","1"
"15","C:\ObsidianProtocol-Autonomous-Warfare\Assets\Scripts\UI\Popups\System\Error\POP026_ErrorPopup.cs","0","1","1"
"15","C:\ObsidianProtocol-Autonomous-Warfare\Assets\Scripts\UI\Popups\System\Error\POP030_SaveError.cs","0","1","1"
"15","C:\ObsidianProtocol-Autonomous-Warfare\Assets\Scripts\UI\Popups\System\Network\POP027_ConnectionLost.cs","0","1","1"
"15","C:\ObsidianProtocol-Autonomous-Warfare\Assets\Scripts\UI\Popups\System\Network\POP028_ConnectionRestored.cs","0","1","1"
"15","C:\ObsidianProtocol-Autonomous-Warfare\Assets\Scripts\UI\Popups\System\Network\POP029_ServerUnavailable.cs","0","1","1"
"15","C:\ObsidianProtocol-Autonomous-Warfare\Assets\Scripts\UI\Results\Navigation\RESULT016_Continue.cs","0","1","1"
"15","C:\ObsidianProtocol-Autonomous-Warfare\Assets\Scripts\UI\Results\Navigation\RESULT017_ReturnToGarage.cs","0","1","1"
"15","C:\ObsidianProtocol-Autonomous-Warfare\Assets\Scripts\UI\Results\Navigation\RESULT018_ReturnToMultiplayer.cs","0","1","1"
"15","C:\ObsidianProtocol-Autonomous-Warfare\Assets\Scripts\UI\Results\Outcome\RESULT001_VictoryScreen.cs","0","1","1"
"15","C:\ObsidianProtocol-Autonomous-Warfare\Assets\Scripts\UI\Results\Outcome\RESULT002_DefeatScreen.cs","0","1","1"
"15","C:\ObsidianProtocol-Autonomous-Warfare\Assets\Scripts\UI\Results\Outcome\RESULT003_DrawScreen.cs","0","1","1"
"15","C:\ObsidianProtocol-Autonomous-Warfare\Assets\Scripts\UI\Results\Performance\RESULT012_AIAutonomyStatistics.cs","0","1","1"
"15","C:\ObsidianProtocol-Autonomous-Warfare\Assets\Scripts\UI\Results\Performance\RESULT013_PlayerPerformance.cs","0","1","1"
"15","C:\ObsidianProtocol-Autonomous-Warfare\Assets\Scripts\UI\Results\Rewards\RESULT014_Rewards.cs","0","1","1"
"15","C:\ObsidianProtocol-Autonomous-Warfare\Assets\Scripts\UI\Results\Rewards\RESULT015_Progression.cs","0","1","1"
"15","C:\ObsidianProtocol-Autonomous-Warfare\Assets\Scripts\UI\Results\Statistics\RESULT004_MatchStatistics.cs","0","1","1"
"15","C:\ObsidianProtocol-Autonomous-Warfare\Assets\Scripts\UI\Results\Statistics\RESULT005_UnitsDeployed.cs","0","1","1"
"15","C:\ObsidianProtocol-Autonomous-Warfare\Assets\Scripts\UI\Results\Statistics\RESULT006_UnitsLost.cs","0","1","1"
"15","C:\ObsidianProtocol-Autonomous-Warfare\Assets\Scripts\UI\Results\Statistics\RESULT007_DamageDealt.cs","0","1","1"
"15","C:\ObsidianProtocol-Autonomous-Warfare\Assets\Scripts\UI\Results\Statistics\RESULT008_DamageReceived.cs","0","1","1"
"15","C:\ObsidianProtocol-Autonomous-Warfare\Assets\Scripts\UI\Results\Statistics\RESULT009_ObjectivesCompleted.cs","0","1","1"
"15","C:\ObsidianProtocol-Autonomous-Warfare\Assets\Scripts\UI\Results\Statistics\RESULT010_ResourcesCollected.cs","0","1","1"
"15","C:\ObsidianProtocol-Autonomous-Warfare\Assets\Scripts\UI\Results\Statistics\RESULT011_EconomyStatistics.cs","0","1","1"
"7","C:\ObsidianProtocol-Autonomous-Warfare\Assets\Scripts\UI\Screens\UIScreenManager.cs","1","0","0"
"15","C:\ObsidianProtocol-Autonomous-Warfare\Assets\Scripts\UI\Store\Categories\STORE003_Units.cs","0","1","1"
"15","C:\ObsidianProtocol-Autonomous-Warfare\Assets\Scripts\UI\Store\Categories\STORE004_Equipment.cs","0","1","1"
"15","C:\ObsidianProtocol-Autonomous-Warfare\Assets\Scripts\UI\Store\Categories\STORE005_Materials.cs","0","1","1"
"15","C:\ObsidianProtocol-Autonomous-Warfare\Assets\Scripts\UI\Store\Categories\STORE006_Cosmetics.cs","0","1","1"
"15","C:\ObsidianProtocol-Autonomous-Warfare\Assets\Scripts\UI\Store\Categories\STORE007_GarageSlots.cs","0","1","1"
"15","C:\ObsidianProtocol-Autonomous-Warfare\Assets\Scripts\UI\Store\Categories\STORE008_ConvenienceItems.cs","0","1","1"
"15","C:\ObsidianProtocol-Autonomous-Warfare\Assets\Scripts\UI\Store\Categories\STORE009_CampaignResources.cs","0","1","1"
"15","C:\ObsidianProtocol-Autonomous-Warfare\Assets\Scripts\UI\Store\Categories\STORE010_FabricationMaterials.cs","0","1","1"
"15","C:\ObsidianProtocol-Autonomous-Warfare\Assets\Scripts\UI\Store\Categories\STORE011_Credits.cs","0","1","1"
"15","C:\ObsidianProtocol-Autonomous-Warfare\Assets\Scripts\UI\Store\Inventory\STORE018_Inventory.cs","0","1","1"
"15","C:\ObsidianProtocol-Autonomous-Warfare\Assets\Scripts\UI\Store\Main\STORE001_StoreHome.cs","0","1","1"
"15","C:\ObsidianProtocol-Autonomous-Warfare\Assets\Scripts\UI\Store\Main\STORE002_Featured.cs","0","1","1"
"15","C:\ObsidianProtocol-Autonomous-Warfare\Assets\Scripts\UI\Store\Ownership\STORE016_OwnershipStatus.cs","0","1","1"
"15","C:\ObsidianProtocol-Autonomous-Warfare\Assets\Scripts\UI\Store\Ownership\STORE017_UnlockRequirements.cs","0","1","1"
"15","C:\ObsidianProtocol-Autonomous-Warfare\Assets\Scripts\UI\Store\Purchasing\STORE012_ItemDetails.cs","0","1","1"
"15","C:\ObsidianProtocol-Autonomous-Warfare\Assets\Scripts\UI\Store\Purchasing\STORE013_PurchaseConfirmation.cs","0","1","1"
"15","C:\ObsidianProtocol-Autonomous-Warfare\Assets\Scripts\UI\Store\Purchasing\STORE014_PurchaseSuccess.cs","0","1","1"
"15","C:\ObsidianProtocol-Autonomous-Warfare\Assets\Scripts\UI\Store\Purchasing\STORE015_PurchaseFailure.cs","0","1","1"
"15","C:\ObsidianProtocol-Autonomous-Warfare\Assets\Scripts\UI\Tooltips\Abilities\TIP004_AbilityTooltip.cs","0","1","1"
"15","C:\ObsidianProtocol-Autonomous-Warfare\Assets\Scripts\UI\Tooltips\Autonomy\TIP008_IntentTooltip.cs","0","1","1"
"15","C:\ObsidianProtocol-Autonomous-Warfare\Assets\Scripts\UI\Tooltips\Autonomy\TIP009_AIStateTooltip.cs","0","1","1"
"15","C:\ObsidianProtocol-Autonomous-Warfare\Assets\Scripts\UI\Tooltips\Deployment\TIP010_DeploymentPointTooltip.cs","0","1","1"
"15","C:\ObsidianProtocol-Autonomous-Warfare\Assets\Scripts\UI\Tooltips\Equipment\TIP002_WeaponTooltip.cs","0","1","1"
"15","C:\ObsidianProtocol-Autonomous-Warfare\Assets\Scripts\UI\Tooltips\Equipment\TIP003_EquipmentTooltip.cs","0","1","1"
"15","C:\ObsidianProtocol-Autonomous-Warfare\Assets\Scripts\UI\Tooltips\Objectives\TIP011_ObjectiveTooltip.cs","0","1","1"
"15","C:\ObsidianProtocol-Autonomous-Warfare\Assets\Scripts\UI\Tooltips\Resources\TIP005_ResourceTooltip.cs","0","1","1"
"15","C:\ObsidianProtocol-Autonomous-Warfare\Assets\Scripts\UI\Tooltips\Status\TIP012_StatusEffectTooltip.cs","0","1","1"
"15","C:\ObsidianProtocol-Autonomous-Warfare\Assets\Scripts\UI\Tooltips\Structures\TIP006_BuildingTooltip.cs","0","1","1"
"15","C:\ObsidianProtocol-Autonomous-Warfare\Assets\Scripts\UI\Tooltips\Technology\TIP007_TechnologyTooltip.cs","0","1","1"
"15","C:\ObsidianProtocol-Autonomous-Warfare\Assets\Scripts\UI\Tooltips\Units\TIP001_UnitTooltip.cs","0","1","1"
"15","C:\ObsidianProtocol-Autonomous-Warfare\Assets\Scripts\UI\Tutorial\Autonomy\TUT006_IntentTutorial.cs","0","1","1"
"15","C:\ObsidianProtocol-Autonomous-Warfare\Assets\Scripts\UI\Tutorial\Autonomy\TUT008_AutonomyTutorial.cs","0","1","1"
"15","C:\ObsidianProtocol-Autonomous-Warfare\Assets\Scripts\UI\Tutorial\Combat\TUT009_CombatTutorial.cs","0","1","1"
"15","C:\ObsidianProtocol-Autonomous-Warfare\Assets\Scripts\UI\Tutorial\Controls\TUT002_BasicControls.cs","0","1","1"
"15","C:\ObsidianProtocol-Autonomous-Warfare\Assets\Scripts\UI\Tutorial\Controls\TUT003_CameraTutorial.cs","0","1","1"
"15","C:\ObsidianProtocol-Autonomous-Warfare\Assets\Scripts\UI\Tutorial\Deployment\TUT011_DeploymentBudgetTutorial.cs","0","1","1"
"15","C:\ObsidianProtocol-Autonomous-Warfare\Assets\Scripts\UI\Tutorial\Logistics\TUT010_LogisticsTutorial.cs","0","1","1"
"15","C:\ObsidianProtocol-Autonomous-Warfare\Assets\Scripts\UI\Tutorial\Onboarding\TUT001_FirstLaunchOnboarding.cs","0","1","1"
"15","C:\ObsidianProtocol-Autonomous-Warfare\Assets\Scripts\UI\Tutorial\RTS\TUT004_UnitSelectionTutorial.cs","0","1","1"
"15","C:\ObsidianProtocol-Autonomous-Warfare\Assets\Scripts\UI\Tutorial\RTS\TUT005_CommandTutorial.cs","0","1","1"
"15","C:\ObsidianProtocol-Autonomous-Warfare\Assets\Scripts\UI\Tutorial\RTS\TUT007_SquadTutorial.cs","0","1","1"
"15","C:\ObsidianProtocol-Autonomous-Warfare\Assets\Scripts\UI\Tutorial\VR\TUT012_VRTutorial.cs","0","1","1"
"15","C:\ObsidianProtocol-Autonomous-Warfare\Assets\Scripts\UI\VR\Cockpit\VR006_CockpitHUD.cs","0","1","1"
"15","C:\ObsidianProtocol-Autonomous-Warfare\Assets\Scripts\UI\VR\Cockpit\VR007_VehicleStatus.cs","0","1","1"
"15","C:\ObsidianProtocol-Autonomous-Warfare\Assets\Scripts\UI\VR\Cockpit\VR008_Health.cs","0","1","1"
"15","C:\ObsidianProtocol-Autonomous-Warfare\Assets\Scripts\UI\VR\Cockpit\VR009_Energy.cs","0","1","1"
"15","C:\ObsidianProtocol-Autonomous-Warfare\Assets\Scripts\UI\VR\Cockpit\VR010_Fuel.cs","0","1","1"
"15","C:\ObsidianProtocol-Autonomous-Warfare\Assets\Scripts\UI\VR\Cockpit\VR011_Ammunition.cs","0","1","1"
"15","C:\ObsidianProtocol-Autonomous-Warfare\Assets\Scripts\UI\VR\Communications\VR019_Communications.cs","0","1","1"
"15","C:\ObsidianProtocol-Autonomous-Warfare\Assets\Scripts\UI\VR\Communications\VR020_SquadStatus.cs","0","1","1"
"15","C:\ObsidianProtocol-Autonomous-Warfare\Assets\Scripts\UI\VR\Communications\VR022_OperatorTransfer.cs","0","1","1"
"15","C:\ObsidianProtocol-Autonomous-Warfare\Assets\Scripts\UI\VR\Emergency\VR021_EmergencySystems.cs","0","1","1"
"15","C:\ObsidianProtocol-Autonomous-Warfare\Assets\Scripts\UI\VR\Operator\VR001_OperatorEntry.cs","0","1","1"
"15","C:\ObsidianProtocol-Autonomous-Warfare\Assets\Scripts\UI\VR\Operator\VR002_OperatorSelection.cs","0","1","1"
"15","C:\ObsidianProtocol-Autonomous-Warfare\Assets\Scripts\UI\VR\Operator\VR003_MachineCompatibility.cs","0","1","1"
"15","C:\ObsidianProtocol-Autonomous-Warfare\Assets\Scripts\UI\VR\Operator\VR004_EnterMachine.cs","0","1","1"
"15","C:\ObsidianProtocol-Autonomous-Warfare\Assets\Scripts\UI\VR\Operator\VR005_ExitMachine.cs","0","1","1"
"15","C:\ObsidianProtocol-Autonomous-Warfare\Assets\Scripts\UI\VR\Sensors\VR014_SensorControls.cs","0","1","1"
"15","C:\ObsidianProtocol-Autonomous-Warfare\Assets\Scripts\UI\VR\Sensors\VR015_Radar.cs","0","1","1"
"15","C:\ObsidianProtocol-Autonomous-Warfare\Assets\Scripts\UI\VR\Sensors\VR016_Thermal.cs","0","1","1"
"15","C:\ObsidianProtocol-Autonomous-Warfare\Assets\Scripts\UI\VR\Sensors\VR017_Lidar.cs","0","1","1"
"15","C:\ObsidianProtocol-Autonomous-Warfare\Assets\Scripts\UI\VR\Tactical\VR018_TacticalMap.cs","0","1","1"
"15","C:\ObsidianProtocol-Autonomous-Warfare\Assets\Scripts\UI\VR\Weapons\VR012_Targeting.cs","0","1","1"
"15","C:\ObsidianProtocol-Autonomous-Warfare\Assets\Scripts\UI\VR\Weapons\VR013_WeaponSelection.cs","0","1","1"
"17","C:\ObsidianProtocol-Autonomous-Warfare\Assets\Scripts\UI\Windows\UIWindowManager.cs","0","1","0"
"15","C:\ObsidianProtocol-Autonomous-Warfare\Assets\Scripts\Windows\Ability\Core\WIN101_AbilityPanel.cs","0","1","1"
"15","C:\ObsidianProtocol-Autonomous-Warfare\Assets\Scripts\Windows\Ability\Information\WIN102_AbilityIcons.cs","0","1","1"
"15","C:\ObsidianProtocol-Autonomous-Warfare\Assets\Scripts\Windows\Ability\Information\WIN103_AbilityDescription.cs","0","1","1"
"15","C:\ObsidianProtocol-Autonomous-Warfare\Assets\Scripts\Windows\Ability\Information\WIN104_AbilityCooldown.cs","0","1","1"
"15","C:\ObsidianProtocol-Autonomous-Warfare\Assets\Scripts\Windows\Ability\Information\WIN105_AbilityResourceCost.cs","0","1","1"
"15","C:\ObsidianProtocol-Autonomous-Warfare\Assets\Scripts\Windows\Ability\State\WIN108_AbilityUnavailableState.cs","0","1","1"
"15","C:\ObsidianProtocol-Autonomous-Warfare\Assets\Scripts\Windows\Ability\Targeting\WIN106_AbilityRange.cs","0","1","1"
"15","C:\ObsidianProtocol-Autonomous-Warfare\Assets\Scripts\Windows\Ability\Targeting\WIN107_AbilityTargeting.cs","0","1","1"
"15","C:\ObsidianProtocol-Autonomous-Warfare\Assets\Scripts\Windows\Construction\Catalog\WIN048_StructureCategories.cs","0","1","1"
"15","C:\ObsidianProtocol-Autonomous-Warfare\Assets\Scripts\Windows\Construction\Catalog\WIN049_StructurePreview.cs","0","1","1"
"15","C:\ObsidianProtocol-Autonomous-Warfare\Assets\Scripts\Windows\Construction\Catalog\WIN050_StructureCost.cs","0","1","1"
"15","C:\ObsidianProtocol-Autonomous-Warfare\Assets\Scripts\Windows\Construction\Core\WIN047_ConstructionMenu.cs","0","1","1"
"15","C:\ObsidianProtocol-Autonomous-Warfare\Assets\Scripts\Windows\Construction\Placement\WIN051_PlacementPreview.cs","0","1","1"
"15","C:\ObsidianProtocol-Autonomous-Warfare\Assets\Scripts\Windows\Construction\Placement\WIN052_ValidPlacement.cs","0","1","1"
"15","C:\ObsidianProtocol-Autonomous-Warfare\Assets\Scripts\Windows\Construction\Placement\WIN053_InvalidPlacement.cs","0","1","1"
"15","C:\ObsidianProtocol-Autonomous-Warfare\Assets\Scripts\Windows\Construction\Placement\WIN054_Rotation.cs","0","1","1"
"15","C:\ObsidianProtocol-Autonomous-Warfare\Assets\Scripts\Windows\Construction\Progress\WIN055_ConstructionProgress.cs","0","1","1"
"15","C:\ObsidianProtocol-Autonomous-Warfare\Assets\Scripts\Windows\Construction\Progress\WIN056_CancelConstruction.cs","0","1","1"
"15","C:\ObsidianProtocol-Autonomous-Warfare\Assets\Scripts\Windows\Construction\State\WIN057_ConstructionComplete.cs","0","1","1"
"15","C:\ObsidianProtocol-Autonomous-Warfare\Assets\Scripts\Windows\Deployment\Budget\DEP002_DeploymentBudgetDisplay.cs","0","1","1"
"15","C:\ObsidianProtocol-Autonomous-Warfare\Assets\Scripts\Windows\Deployment\Budget\DEP003_AvailableDeployment.cs","0","1","1"
"15","C:\ObsidianProtocol-Autonomous-Warfare\Assets\Scripts\Windows\Deployment\Budget\DEP004_MaximumDeploymentPoints.cs","0","1","1"
"15","C:\ObsidianProtocol-Autonomous-Warfare\Assets\Scripts\Windows\Deployment\Composition\DEP007_ArmyComposition.cs","0","1","1"
"15","C:\ObsidianProtocol-Autonomous-Warfare\Assets\Scripts\Windows\Deployment\Composition\DEP008_SquadComposition.cs","0","1","1"
"15","C:\ObsidianProtocol-Autonomous-Warfare\Assets\Scripts\Windows\Deployment\Core\DEP001_DeploymentScreen.cs","0","1","1"
"15","C:\ObsidianProtocol-Autonomous-Warfare\Assets\Scripts\Windows\Deployment\Placement\DEP009_DeploymentZones.cs","0","1","1"
"15","C:\ObsidianProtocol-Autonomous-Warfare\Assets\Scripts\Windows\Deployment\Placement\DEP010_UnitPlacement.cs","0","1","1"
"15","C:\ObsidianProtocol-Autonomous-Warfare\Assets\Scripts\Windows\Deployment\Ready\DEP013_DeploymentConfirmation.cs","0","1","1"
"15","C:\ObsidianProtocol-Autonomous-Warfare\Assets\Scripts\Windows\Deployment\Ready\DEP014_ReadyButton.cs","0","1","1"
"15","C:\ObsidianProtocol-Autonomous-Warfare\Assets\Scripts\Windows\Deployment\Ready\DEP015_OpponentReadyStatus.cs","0","1","1"
"15","C:\ObsidianProtocol-Autonomous-Warfare\Assets\Scripts\Windows\Deployment\Ready\DEP016_DeploymentCountdown.cs","0","1","1"
"15","C:\ObsidianProtocol-Autonomous-Warfare\Assets\Scripts\Windows\Deployment\Selection\DEP005_UnitSelection.cs","0","1","1"
"15","C:\ObsidianProtocol-Autonomous-Warfare\Assets\Scripts\Windows\Deployment\Selection\DEP006_UnitDeploymentPointCost.cs","0","1","1"
"15","C:\ObsidianProtocol-Autonomous-Warfare\Assets\Scripts\Windows\Deployment\Warnings\DEP011_InvalidDeploymentWarning.cs","0","1","1"
"15","C:\ObsidianProtocol-Autonomous-Warfare\Assets\Scripts\Windows\Deployment\Warnings\DEP012_BudgetExceededWarning.cs","0","1","1"
"15","C:\ObsidianProtocol-Autonomous-Warfare\Assets\Scripts\Windows\Equipment\Actions\WIN098_EquipmentRestrictions.cs","0","1","1"
"15","C:\ObsidianProtocol-Autonomous-Warfare\Assets\Scripts\Windows\Equipment\Actions\WIN100_SaveLoadout.cs","0","1","1"
"15","C:\ObsidianProtocol-Autonomous-Warfare\Assets\Scripts\Windows\Equipment\Comparison\WIN096_EquipmentComparison.cs","0","1","1"
"15","C:\ObsidianProtocol-Autonomous-Warfare\Assets\Scripts\Windows\Equipment\Comparison\WIN097_EquipmentStatistics.cs","0","1","1"
"15","C:\ObsidianProtocol-Autonomous-Warfare\Assets\Scripts\Windows\Equipment\Core\WIN089_EquipmentWindow.cs","0","1","1"
"15","C:\ObsidianProtocol-Autonomous-Warfare\Assets\Scripts\Windows\Equipment\Loadout\WIN090_Loadout.cs","0","1","1"
"15","C:\ObsidianProtocol-Autonomous-Warfare\Assets\Scripts\Windows\Equipment\Loadout\WIN099_ApplyLoadout.cs","0","1","1"
"15","C:\ObsidianProtocol-Autonomous-Warfare\Assets\Scripts\Windows\Equipment\Slots\WIN091_WeaponSlots.cs","0","1","1"
"15","C:\ObsidianProtocol-Autonomous-Warfare\Assets\Scripts\Windows\Equipment\Slots\WIN092_ArmorSlots.cs","0","1","1"
"15","C:\ObsidianProtocol-Autonomous-Warfare\Assets\Scripts\Windows\Equipment\Slots\WIN093_SensorSlots.cs","0","1","1"
"15","C:\ObsidianProtocol-Autonomous-Warfare\Assets\Scripts\Windows\Equipment\Slots\WIN094_ModuleSlots.cs","0","1","1"
"15","C:\ObsidianProtocol-Autonomous-Warfare\Assets\Scripts\Windows\Equipment\Slots\WIN095_PayloadSlots.cs","0","1","1"
"15","C:\ObsidianProtocol-Autonomous-Warfare\Assets\Scripts\Windows\Intelligence\Analysis\WIN073_ContactClassification.cs","0","1","1"
"15","C:\ObsidianProtocol-Autonomous-Warfare\Assets\Scripts\Windows\Intelligence\Analysis\WIN074_ThreatLevel.cs","0","1","1"
"15","C:\ObsidianProtocol-Autonomous-Warfare\Assets\Scripts\Windows\Intelligence\Analysis\WIN077_ConfidenceLevel.cs","0","1","1"
"15","C:\ObsidianProtocol-Autonomous-Warfare\Assets\Scripts\Windows\Intelligence\Contacts\WIN070_ContactList.cs","0","1","1"
"15","C:\ObsidianProtocol-Autonomous-Warfare\Assets\Scripts\Windows\Intelligence\Contacts\WIN071_KnownEnemyUnits.cs","0","1","1"
"15","C:\ObsidianProtocol-Autonomous-Warfare\Assets\Scripts\Windows\Intelligence\Contacts\WIN072_UnknownContacts.cs","0","1","1"
"15","C:\ObsidianProtocol-Autonomous-Warfare\Assets\Scripts\Windows\Intelligence\Core\WIN069_IntelligenceWindow.cs","0","1","1"
"15","C:\ObsidianProtocol-Autonomous-Warfare\Assets\Scripts\Windows\Intelligence\Tracking\WIN075_LastKnownPosition.cs","0","1","1"
"15","C:\ObsidianProtocol-Autonomous-Warfare\Assets\Scripts\Windows\Intelligence\Tracking\WIN076_SensorSource.cs","0","1","1"
"15","C:\ObsidianProtocol-Autonomous-Warfare\Assets\Scripts\Windows\Intelligence\Tracking\WIN078_TrackingStatus.cs","0","1","1"
"15","C:\ObsidianProtocol-Autonomous-Warfare\Assets\Scripts\Windows\Intelligence\Tracking\WIN079_IntelligenceHistory.cs","0","1","1"
"15","C:\ObsidianProtocol-Autonomous-Warfare\Assets\Scripts\Windows\Logistics\Core\WIN058_LogisticsOverview.cs","0","1","1"
"15","C:\ObsidianProtocol-Autonomous-Warfare\Assets\Scripts\Windows\Logistics\Routes\WIN064_SupplyRoutes.cs","0","1","1"
"15","C:\ObsidianProtocol-Autonomous-Warfare\Assets\Scripts\Windows\Logistics\Status\WIN059_SupplyStatus.cs","0","1","1"
"15","C:\ObsidianProtocol-Autonomous-Warfare\Assets\Scripts\Windows\Logistics\Status\WIN060_FuelStatus.cs","0","1","1"
"15","C:\ObsidianProtocol-Autonomous-Warfare\Assets\Scripts\Windows\Logistics\Status\WIN061_AmmunitionStatus.cs","0","1","1"
"15","C:\ObsidianProtocol-Autonomous-Warfare\Assets\Scripts\Windows\Logistics\Status\WIN062_RepairStatus.cs","0","1","1"
"15","C:\ObsidianProtocol-Autonomous-Warfare\Assets\Scripts\Windows\Logistics\Status\WIN066_DepotStatus.cs","0","1","1"
"15","C:\ObsidianProtocol-Autonomous-Warfare\Assets\Scripts\Windows\Logistics\Transport\WIN063_ResourceTransport.cs","0","1","1"
"15","C:\ObsidianProtocol-Autonomous-Warfare\Assets\Scripts\Windows\Logistics\Transport\WIN065_Convoys.cs","0","1","1"
"15","C:\ObsidianProtocol-Autonomous-Warfare\Assets\Scripts\Windows\Logistics\Warnings\WIN067_LogisticsWarnings.cs","0","1","1"
"15","C:\ObsidianProtocol-Autonomous-Warfare\Assets\Scripts\Windows\Logistics\Warnings\WIN068_RouteDisruptionDisplay.cs","0","1","1"
"15","C:\ObsidianProtocol-Autonomous-Warfare\Assets\Scripts\Windows\Production\Catalog\WIN036_AvailableUnits.cs","0","1","1"
"15","C:\ObsidianProtocol-Autonomous-Warfare\Assets\Scripts\Windows\Production\Catalog\WIN037_UnitCategories.cs","0","1","1"
"15","C:\ObsidianProtocol-Autonomous-Warfare\Assets\Scripts\Windows\Production\Catalog\WIN038_UnitPreview.cs","0","1","1"
"15","C:\ObsidianProtocol-Autonomous-Warfare\Assets\Scripts\Windows\Production\Core\WIN035_ProductionWindow.cs","0","1","1"
"15","C:\ObsidianProtocol-Autonomous-Warfare\Assets\Scripts\Windows\Production\Costs\WIN039_UnitCost.cs","0","1","1"
"15","C:\ObsidianProtocol-Autonomous-Warfare\Assets\Scripts\Windows\Production\Costs\WIN040_RequiredResources.cs","0","1","1"
"15","C:\ObsidianProtocol-Autonomous-Warfare\Assets\Scripts\Windows\Production\Costs\WIN041_ProductionTime.cs","0","1","1"
"15","C:\ObsidianProtocol-Autonomous-Warfare\Assets\Scripts\Windows\Production\Queue\WIN042_Queue.cs","0","1","1"
"15","C:\ObsidianProtocol-Autonomous-Warfare\Assets\Scripts\Windows\Production\Queue\WIN043_QueueControls.cs","0","1","1"
"15","C:\ObsidianProtocol-Autonomous-Warfare\Assets\Scripts\Windows\Production\Queue\WIN044_CancelProduction.cs","0","1","1"
"15","C:\ObsidianProtocol-Autonomous-Warfare\Assets\Scripts\Windows\Production\State\WIN045_ProductionComplete.cs","0","1","1"
"15","C:\ObsidianProtocol-Autonomous-Warfare\Assets\Scripts\Windows\Production\State\WIN046_ProductionUnavailableState.cs","0","1","1"
"15","C:\ObsidianProtocol-Autonomous-Warfare\Assets\Scripts\Windows\Squad\Autonomy\WIN028_SquadIntent.cs","0","1","1"
"15","C:\ObsidianProtocol-Autonomous-Warfare\Assets\Scripts\Windows\Squad\Autonomy\WIN029_SquadPriority.cs","0","1","1"
"15","C:\ObsidianProtocol-Autonomous-Warfare\Assets\Scripts\Windows\Squad\Autonomy\WIN030_SquadBehavior.cs","0","1","1"
"15","C:\ObsidianProtocol-Autonomous-Warfare\Assets\Scripts\Windows\Squad\Autonomy\WIN034_SquadAutonomyState.cs","0","1","1"
"15","C:\ObsidianProtocol-Autonomous-Warfare\Assets\Scripts\Windows\Squad\Composition\WIN022_SquadComposition.cs","0","1","1"
"15","C:\ObsidianProtocol-Autonomous-Warfare\Assets\Scripts\Windows\Squad\Composition\WIN024_SquadHealth.cs","0","1","1"
"15","C:\ObsidianProtocol-Autonomous-Warfare\Assets\Scripts\Windows\Squad\Composition\WIN025_SquadStrength.cs","0","1","1"
"15","C:\ObsidianProtocol-Autonomous-Warfare\Assets\Scripts\Windows\Squad\Composition\WIN032_SquadCasualties.cs","0","1","1"
"15","C:\ObsidianProtocol-Autonomous-Warfare\Assets\Scripts\Windows\Squad\Core\WIN020_SquadDetails.cs","0","1","1"
"15","C:\ObsidianProtocol-Autonomous-Warfare\Assets\Scripts\Windows\Squad\Identity\WIN021_SquadName.cs","0","1","1"
"15","C:\ObsidianProtocol-Autonomous-Warfare\Assets\Scripts\Windows\Squad\Identity\WIN023_SquadLeader.cs","0","1","1"
"15","C:\ObsidianProtocol-Autonomous-Warfare\Assets\Scripts\Windows\Squad\Operations\WIN026_SquadFormation.cs","0","1","1"
"15","C:\ObsidianProtocol-Autonomous-Warfare\Assets\Scripts\Windows\Squad\Operations\WIN027_SquadObjective.cs","0","1","1"
"15","C:\ObsidianProtocol-Autonomous-Warfare\Assets\Scripts\Windows\Squad\Operations\WIN031_SquadOrders.cs","0","1","1"
"15","C:\ObsidianProtocol-Autonomous-Warfare\Assets\Scripts\Windows\Squad\Operations\WIN033_SquadReinforcement.cs","0","1","1"
"15","C:\ObsidianProtocol-Autonomous-Warfare\Assets\Scripts\Windows\Technology\Core\WIN080_TechnologyWindow.cs","0","1","1"
"15","C:\ObsidianProtocol-Autonomous-Warfare\Assets\Scripts\Windows\Technology\Details\WIN088_TechnologyDetails.cs","0","1","1"
"15","C:\ObsidianProtocol-Autonomous-Warfare\Assets\Scripts\Windows\Technology\Research\WIN083_ResearchRequirements.cs","0","1","1"
"15","C:\ObsidianProtocol-Autonomous-Warfare\Assets\Scripts\Windows\Technology\Research\WIN084_ResearchCost.cs","0","1","1"
"15","C:\ObsidianProtocol-Autonomous-Warfare\Assets\Scripts\Windows\Technology\Research\WIN085_ResearchProgress.cs","0","1","1"
"15","C:\ObsidianProtocol-Autonomous-Warfare\Assets\Scripts\Windows\Technology\Research\WIN086_LockedTechnology.cs","0","1","1"
"15","C:\ObsidianProtocol-Autonomous-Warfare\Assets\Scripts\Windows\Technology\Research\WIN087_UnlockedTechnology.cs","0","1","1"
"15","C:\ObsidianProtocol-Autonomous-Warfare\Assets\Scripts\Windows\Technology\Tree\WIN081_TechnologyTree.cs","0","1","1"
"15","C:\ObsidianProtocol-Autonomous-Warfare\Assets\Scripts\Windows\Technology\Tree\WIN082_TechnologyCategories.cs","0","1","1"
"15","C:\ObsidianProtocol-Autonomous-Warfare\Assets\Scripts\Windows\UnitInformation\Core\WIN001_UnitDetailsWindow.cs","0","1","1"
"15","C:\ObsidianProtocol-Autonomous-Warfare\Assets\Scripts\Windows\UnitInformation\Core\WIN002_UnitPortraitModel.cs","0","1","1"
"15","C:\ObsidianProtocol-Autonomous-Warfare\Assets\Scripts\Windows\UnitInformation\Identity\WIN003_UnitName.cs","0","1","1"
"15","C:\ObsidianProtocol-Autonomous-Warfare\Assets\Scripts\Windows\UnitInformation\Identity\WIN004_UnitType.cs","0","1","1"
"15","C:\ObsidianProtocol-Autonomous-Warfare\Assets\Scripts\Windows\UnitInformation\Identity\WIN005_UnitFaction.cs","0","1","1"
"15","C:\ObsidianProtocol-Autonomous-Warfare\Assets\Scripts\Windows\UnitInformation\Status\WIN015_Status.cs","0","1","1"
"15","C:\ObsidianProtocol-Autonomous-Warfare\Assets\Scripts\Windows\UnitInformation\Status\WIN016_CurrentOrders.cs","0","1","1"
"15","C:\ObsidianProtocol-Autonomous-Warfare\Assets\Scripts\Windows\UnitInformation\Status\WIN017_CurrentIntent.cs","0","1","1"
"15","C:\ObsidianProtocol-Autonomous-Warfare\Assets\Scripts\Windows\UnitInformation\Status\WIN018_AIState.cs","0","1","1"
"15","C:\ObsidianProtocol-Autonomous-Warfare\Assets\Scripts\Windows\UnitInformation\Status\WIN019_SquadAssignment.cs","0","1","1"
"15","C:\ObsidianProtocol-Autonomous-Warfare\Assets\Scripts\Windows\UnitInformation\Systems\WIN006_Health.cs","0","1","1"
"15","C:\ObsidianProtocol-Autonomous-Warfare\Assets\Scripts\Windows\UnitInformation\Systems\WIN007_Armor.cs","0","1","1"
"15","C:\ObsidianProtocol-Autonomous-Warfare\Assets\Scripts\Windows\UnitInformation\Systems\WIN008_Speed.cs","0","1","1"
"15","C:\ObsidianProtocol-Autonomous-Warfare\Assets\Scripts\Windows\UnitInformation\Systems\WIN009_Fuel.cs","0","1","1"
"15","C:\ObsidianProtocol-Autonomous-Warfare\Assets\Scripts\Windows\UnitInformation\Systems\WIN010_Energy.cs","0","1","1"
"15","C:\ObsidianProtocol-Autonomous-Warfare\Assets\Scripts\Windows\UnitInformation\Systems\WIN011_Sensors.cs","0","1","1"
"15","C:\ObsidianProtocol-Autonomous-Warfare\Assets\Scripts\Windows\UnitInformation\Systems\WIN012_Weapons.cs","0","1","1"
"15","C:\ObsidianProtocol-Autonomous-Warfare\Assets\Scripts\Windows\UnitInformation\Systems\WIN013_Equipment.cs","0","1","1"
"15","C:\ObsidianProtocol-Autonomous-Warfare\Assets\Scripts\Windows\UnitInformation\Systems\WIN014_Abilities.cs","0","1","1"
