"Lines","Bytes","File","EmptyBlocks","TODO","DebugLog"
"7","123","C:\ObsidianProtocol-Autonomous-Warfare\Assets\Scripts\UI\Screens\UIScreenManager.cs","1","0","0"
"8","153","C:\ObsidianProtocol-Autonomous-Warfare\Assets\Scripts\UI\HUD\Battlefield\UnitCommandPanel\HUDEscort.cs","0","0","1"
"8","153","C:\ObsidianProtocol-Autonomous-Warfare\Assets\Scripts\UI\HUD\Battlefield\UnitCommandPanel\HUDFollow.cs","0","0","1"
"8","153","C:\ObsidianProtocol-Autonomous-Warfare\Assets\Scripts\UI\HUD\Battlefield\UnitCommandPanel\HUDAttack.cs","0","0","1"
"8","149","C:\ObsidianProtocol-Autonomous-Warfare\Assets\Scripts\UI\HUD\Battlefield\UnitCommandPanel\HUDStop.cs","0","0","1"
"8","202","C:\ObsidianProtocol-Autonomous-Warfare\Assets\Scripts\UI\HUD\Battlefield\UnitCommandPanel\HUDAbilityControls.cs","0","0","1"
"8","153","C:\ObsidianProtocol-Autonomous-Warfare\Assets\Scripts\UI\HUD\Battlefield\UnitCommandPanel\HUDRepair.cs","0","0","1"
"8","157","C:\ObsidianProtocol-Autonomous-Warfare\Assets\Scripts\UI\HUD\Battlefield\UnitCommandPanel\HUDResupply.cs","0","0","1"
"8","155","C:\ObsidianProtocol-Autonomous-Warfare\Assets\Scripts\UI\HUD\Battlefield\UnitCommandPanel\HUDRetreat.cs","0","0","1"
"8","149","C:\ObsidianProtocol-Autonomous-Warfare\Assets\Scripts\UI\HUD\Battlefield\UnitCommandPanel\HUDHold.cs","0","0","1"
"8","149","C:\ObsidianProtocol-Autonomous-Warfare\Assets\Scripts\UI\HUD\Battlefield\UnitCommandPanel\HUDMove.cs","0","0","1"
"8","151","C:\ObsidianProtocol-Autonomous-Warfare\Assets\Scripts\UI\HUD\Battlefield\UnitCommandPanel\HUDRecon.cs","0","0","1"
"8","153","C:\ObsidianProtocol-Autonomous-Warfare\Assets\Scripts\UI\HUD\Battlefield\UnitCommandPanel\HUDPatrol.cs","0","0","1"
"14","337","C:\ObsidianProtocol-Autonomous-Warfare\Assets\Scripts\UI\HUD\Battlefield\UnitControl\HUDSingleUnitSelection.cs","0","0","0"
"14","342","C:\ObsidianProtocol-Autonomous-Warfare\Assets\Scripts\UI\HUD\Battlefield\UnitControl\HUDSquadSelection.cs","0","0","0"
"15","361","C:\ObsidianProtocol-Autonomous-Warfare\Assets\Scripts\UI\Tooltips\Autonomy\TIP009_AIStateTooltip.cs","0","0","1"
"15","360","C:\ObsidianProtocol-Autonomous-Warfare\Assets\Scripts\UI\Tooltips\Abilities\TIP004_AbilityTooltip.cs","0","0","1"
"15","358","C:\ObsidianProtocol-Autonomous-Warfare\Assets\Scripts\UI\Tooltips\Autonomy\TIP008_IntentTooltip.cs","0","0","1"
"15","368","C:\ObsidianProtocol-Autonomous-Warfare\Assets\Scripts\UI\Store\Purchasing\STORE015_PurchaseFailure.cs","0","0","1"
"15","378","C:\ObsidianProtocol-Autonomous-Warfare\Assets\Scripts\UI\Store\Purchasing\STORE013_PurchaseConfirmation.cs","0","0","1"
"15","368","C:\ObsidianProtocol-Autonomous-Warfare\Assets\Scripts\UI\Store\Purchasing\STORE014_PurchaseSuccess.cs","0","0","1"
"15","360","C:\ObsidianProtocol-Autonomous-Warfare\Assets\Scripts\UI\Store\Purchasing\STORE012_ItemDetails.cs","0","0","1"
"15","362","C:\ObsidianProtocol-Autonomous-Warfare\Assets\Scripts\UI\Tooltips\Structures\TIP006_BuildingTooltip.cs","0","0","1"
"15","371","C:\ObsidianProtocol-Autonomous-Warfare\Assets\Scripts\UI\Tooltips\Status\TIP012_StatusEffectTooltip.cs","0","0","1"
"15","354","C:\ObsidianProtocol-Autonomous-Warfare\Assets\Scripts\UI\Tooltips\Units\TIP001_UnitTooltip.cs","0","0","1"
"15","366","C:\ObsidianProtocol-Autonomous-Warfare\Assets\Scripts\UI\Tooltips\Technology\TIP007_TechnologyTooltip.cs","0","0","1"
"15","362","C:\ObsidianProtocol-Autonomous-Warfare\Assets\Scripts\UI\Tooltips\Resources\TIP005_ResourceTooltip.cs","0","0","1"
"15","358","C:\ObsidianProtocol-Autonomous-Warfare\Assets\Scripts\UI\Tooltips\Equipment\TIP002_WeaponTooltip.cs","0","0","1"
"15","377","C:\ObsidianProtocol-Autonomous-Warfare\Assets\Scripts\UI\Tooltips\Deployment\TIP010_DeploymentPointTooltip.cs","0","0","1"
"15","364","C:\ObsidianProtocol-Autonomous-Warfare\Assets\Scripts\UI\Tooltips\Objectives\TIP011_ObjectiveTooltip.cs","0","0","1"
"15","364","C:\ObsidianProtocol-Autonomous-Warfare\Assets\Scripts\UI\Tooltips\Equipment\TIP003_EquipmentTooltip.cs","0","0","1"
"15","355","C:\ObsidianProtocol-Autonomous-Warfare\Assets\Scripts\UI\Store\Categories\STORE006_Cosmetics.cs","0","0","1"
"15","355","C:\ObsidianProtocol-Autonomous-Warfare\Assets\Scripts\UI\Store\Categories\STORE005_Materials.cs","0","0","1"
"15","370","C:\ObsidianProtocol-Autonomous-Warfare\Assets\Scripts\UI\Store\Categories\STORE008_ConvenienceItems.cs","0","0","1"
"15","360","C:\ObsidianProtocol-Autonomous-Warfare\Assets\Scripts\UI\Store\Categories\STORE007_GarageSlots.cs","0","0","1"
"15","369","C:\ObsidianProtocol-Autonomous-Warfare\Assets\Scripts\UI\Menus\Settings\MENU024_ColorDisplayOptions.cs","0","0","1"
"15","380","C:\ObsidianProtocol-Autonomous-Warfare\Assets\Scripts\UI\Results\Statistics\RESULT011_EconomyStatistics.cs","0","0","1"
"15","355","C:\ObsidianProtocol-Autonomous-Warfare\Assets\Scripts\UI\Store\Categories\STORE004_Equipment.cs","0","0","1"
"15","347","C:\ObsidianProtocol-Autonomous-Warfare\Assets\Scripts\UI\Store\Categories\STORE003_Units.cs","0","0","1"
"15","353","C:\ObsidianProtocol-Autonomous-Warfare\Assets\Scripts\UI\Store\Main\STORE002_Featured.cs","0","0","1"
"15","356","C:\ObsidianProtocol-Autonomous-Warfare\Assets\Scripts\UI\Store\Main\STORE001_StoreHome.cs","0","0","1"
"15","374","C:\ObsidianProtocol-Autonomous-Warfare\Assets\Scripts\UI\Store\Ownership\STORE017_UnlockRequirements.cs","0","0","1"
"15","368","C:\ObsidianProtocol-Autonomous-Warfare\Assets\Scripts\UI\Store\Ownership\STORE016_OwnershipStatus.cs","0","0","1"
"15","378","C:\ObsidianProtocol-Autonomous-Warfare\Assets\Scripts\UI\Store\Categories\STORE010_FabricationMaterials.cs","0","0","1"
"15","372","C:\ObsidianProtocol-Autonomous-Warfare\Assets\Scripts\UI\Store\Categories\STORE009_CampaignResources.cs","0","0","1"
"15","355","C:\ObsidianProtocol-Autonomous-Warfare\Assets\Scripts\UI\Store\Inventory\STORE018_Inventory.cs","0","0","1"
"15","351","C:\ObsidianProtocol-Autonomous-Warfare\Assets\Scripts\UI\Store\Categories\STORE011_Credits.cs","0","0","1"
"15","362","C:\ObsidianProtocol-Autonomous-Warfare\Assets\Scripts\UI\Menus\Settings\MENU023_HUDCustomization.cs","0","0","1"
"15","361","C:\ObsidianProtocol-Autonomous-Warfare\Assets\Scripts\UI\VR\Communications\VR022_OperatorTransfer.cs","0","0","1"
"15","355","C:\ObsidianProtocol-Autonomous-Warfare\Assets\Scripts\UI\Menus\Settings\MENU021_Accessibility.cs","0","0","1"
"15","344","C:\ObsidianProtocol-Autonomous-Warfare\Assets\Scripts\UI\Menus\Settings\MENU022_UIScale.cs","0","0","1"
"15","348","C:\ObsidianProtocol-Autonomous-Warfare\Assets\Scripts\UI\VR\Cockpit\VR011_Ammunition.cs","0","0","1"
"15","336","C:\ObsidianProtocol-Autonomous-Warfare\Assets\Scripts\UI\VR\Cockpit\VR010_Fuel.cs","0","0","1"
"15","351","C:\ObsidianProtocol-Autonomous-Warfare\Assets\Scripts\UI\VR\Communications\VR020_SquadStatus.cs","0","0","1"
"15","356","C:\ObsidianProtocol-Autonomous-Warfare\Assets\Scripts\UI\VR\Communications\VR019_Communications.cs","0","0","1"
"15","345","C:\ObsidianProtocol-Autonomous-Warfare\Assets\Scripts\UI\Menus\Settings\MENU016_Controls.cs","0","0","1"
"15","339","C:\ObsidianProtocol-Autonomous-Warfare\Assets\Scripts\UI\Menus\Settings\MENU017_Mouse.cs","0","0","1"
"15","376","C:\ObsidianProtocol-Autonomous-Warfare\Assets\Scripts\UI\Results\Statistics\RESULT004_MatchStatistics.cs","0","0","1"
"15","345","C:\ObsidianProtocol-Autonomous-Warfare\Assets\Scripts\UI\Menus\Settings\MENU015_Gameplay.cs","0","0","1"
"15","349","C:\ObsidianProtocol-Autonomous-Warfare\Assets\Scripts\UI\Menus\Settings\MENU019_Controller.cs","0","0","1"
"15","333","C:\ObsidianProtocol-Autonomous-Warfare\Assets\Scripts\UI\Menus\Settings\MENU020_VR.cs","0","0","1"
"15","361","C:\ObsidianProtocol-Autonomous-Warfare\Assets\Scripts\UI\VR\Emergency\VR021_EmergencySystems.cs","0","0","1"
"15","345","C:\ObsidianProtocol-Autonomous-Warfare\Assets\Scripts\UI\Menus\Settings\MENU018_Keyboard.cs","0","0","1"
"15","382","C:\ObsidianProtocol-Autonomous-Warfare\Assets\Scripts\UI\Tutorial\Deployment\TUT011_DeploymentBudgetTutorial.cs","0","0","1"
"15","361","C:\ObsidianProtocol-Autonomous-Warfare\Assets\Scripts\UI\Tutorial\Controls\TUT003_CameraTutorial.cs","0","0","1"
"15","376","C:\ObsidianProtocol-Autonomous-Warfare\Assets\Scripts\UI\Tutorial\Onboarding\TUT001_FirstLaunchOnboarding.cs","0","0","1"
"15","367","C:\ObsidianProtocol-Autonomous-Warfare\Assets\Scripts\UI\Tutorial\Logistics\TUT010_LogisticsTutorial.cs","0","0","1"
"15","365","C:\ObsidianProtocol-Autonomous-Warfare\Assets\Scripts\UI\Tutorial\Autonomy\TUT008_AutonomyTutorial.cs","0","0","1"
"15","361","C:\ObsidianProtocol-Autonomous-Warfare\Assets\Scripts\UI\Tutorial\Autonomy\TUT006_IntentTutorial.cs","0","0","1"
"15","359","C:\ObsidianProtocol-Autonomous-Warfare\Assets\Scripts\UI\Tutorial\Controls\TUT002_BasicControls.cs","0","0","1"
"15","361","C:\ObsidianProtocol-Autonomous-Warfare\Assets\Scripts\UI\Tutorial\Combat\TUT009_CombatTutorial.cs","0","0","1"
"15","355","C:\ObsidianProtocol-Autonomous-Warfare\Assets\Scripts\UI\VR\Cockpit\VR007_VehicleStatus.cs","0","0","1"
"15","349","C:\ObsidianProtocol-Autonomous-Warfare\Assets\Scripts\UI\VR\Cockpit\VR006_CockpitHUD.cs","0","0","1"
"15","340","C:\ObsidianProtocol-Autonomous-Warfare\Assets\Scripts\UI\VR\Cockpit\VR009_Energy.cs","0","0","1"
"15","340","C:\ObsidianProtocol-Autonomous-Warfare\Assets\Scripts\UI\VR\Cockpit\VR008_Health.cs","0","0","1"
"15","363","C:\ObsidianProtocol-Autonomous-Warfare\Assets\Scripts\UI\Tutorial\RTS\TUT005_CommandTutorial.cs","0","0","1"
"15","376","C:\ObsidianProtocol-Autonomous-Warfare\Assets\Scripts\UI\Tutorial\RTS\TUT004_UnitSelectionTutorial.cs","0","0","1"
"15","353","C:\ObsidianProtocol-Autonomous-Warfare\Assets\Scripts\UI\Tutorial\VR\TUT012_VRTutorial.cs","0","0","1"
"15","359","C:\ObsidianProtocol-Autonomous-Warfare\Assets\Scripts\UI\Tutorial\RTS\TUT007_SquadTutorial.cs","0","0","1"
"15","360","C:\ObsidianProtocol-Autonomous-Warfare\Assets\Scripts\UI\Overlays\Combat\OVER004_RangeOverlay.cs","0","0","1"
"15","362","C:\ObsidianProtocol-Autonomous-Warfare\Assets\Scripts\UI\Overlays\Combat\OVER003_ThreatOverlay.cs","0","0","1"
"15","379","C:\ObsidianProtocol-Autonomous-Warfare\Assets\Scripts\UI\Overlays\Command\OVER015_CommandNetworkOverlay.cs","0","0","1"
"15","373","C:\ObsidianProtocol-Autonomous-Warfare\Assets\Scripts\UI\Overlays\Combat\OVER005_WeaponRangeOverlay.cs","0","0","1"
"15","383","C:\ObsidianProtocol-Autonomous-Warfare\Assets\Scripts\UI\Notifications\Unlocks\NOTIF013_MissionUnlocked.cs","0","0","1"
"15","387","C:\ObsidianProtocol-Autonomous-Warfare\Assets\Scripts\UI\Notifications\Unlocks\NOTIF012_EquipmentUnlocked.cs","0","0","1"
"15","366","C:\ObsidianProtocol-Autonomous-Warfare\Assets\Scripts\UI\Overlays\Airspace\OVER013_AirspaceOverlay.cs","0","0","1"
"15","391","C:\ObsidianProtocol-Autonomous-Warfare\Assets\Scripts\UI\Notifications\Unlocks\NOTIF014_AchievementUnlocked.cs","0","0","1"
"15","366","C:\ObsidianProtocol-Autonomous-Warfare\Assets\Scripts\UI\Overlays\Resources\OVER011_ResourceOverlay.cs","0","0","1"
"15","360","C:\ObsidianProtocol-Autonomous-Warfare\Assets\Scripts\UI\Overlays\Naval\OVER014_NavalOverlay.cs","0","0","1"
"15","368","C:\ObsidianProtocol-Autonomous-Warfare\Assets\Scripts\UI\Overlays\Visibility\OVER001_FogOfWarOverlay.cs","0","0","1"
"15","379","C:\ObsidianProtocol-Autonomous-Warfare\Assets\Scripts\UI\Overlays\Sensors\OVER002_SensorCoverageOverlay.cs","0","0","1"
"15","368","C:\ObsidianProtocol-Autonomous-Warfare\Assets\Scripts\UI\Overlays\Logistics\OVER012_LogisticsOverlay.cs","0","0","1"
"15","368","C:\ObsidianProtocol-Autonomous-Warfare\Assets\Scripts\UI\Overlays\Formation\OVER008_FormationOverlay.cs","0","0","1"
"15","358","C:\ObsidianProtocol-Autonomous-Warfare\Assets\Scripts\UI\Overlays\Movement\OVER007_PathOverlay.cs","0","0","1"
"15","377","C:\ObsidianProtocol-Autonomous-Warfare\Assets\Scripts\UI\Overlays\Movement\OVER006_MovementRangeOverlay.cs","0","0","1"
"15","377","C:\ObsidianProtocol-Autonomous-Warfare\Assets\Scripts\UI\Notifications\Unlocks\NOTIF011_UnitUnlocked.cs","0","0","1"
"15","389","C:\ObsidianProtocol-Autonomous-Warfare\Assets\Scripts\UI\Notifications\Operations\NOTIF016_ProductionComplete.cs","0","0","1"
"15","393","C:\ObsidianProtocol-Autonomous-Warfare\Assets\Scripts\UI\Notifications\Operations\NOTIF015_ConstructionComplete.cs","0","0","1"
"15","385","C:\ObsidianProtocol-Autonomous-Warfare\Assets\Scripts\UI\Notifications\Operations\NOTIF018_ResearchComplete.cs","0","0","1"
"15","381","C:\ObsidianProtocol-Autonomous-Warfare\Assets\Scripts\UI\Notifications\Operations\NOTIF017_RepairComplete.cs","0","0","1"
"15","337","C:\ObsidianProtocol-Autonomous-Warfare\Assets\Scripts\UI\Menus\Settings\MENU027_Back.cs","0","0","1"
"15","339","C:\ObsidianProtocol-Autonomous-Warfare\Assets\Scripts\UI\Menus\Settings\MENU026_Reset.cs","0","0","1"
"15","370","C:\ObsidianProtocol-Autonomous-Warfare\Assets\Scripts\Windows\UnitInformation\Systems\WIN014_Abilities.cs","0","0","1"
"15","389","C:\ObsidianProtocol-Autonomous-Warfare\Assets\Scripts\UI\Notifications\Objectives\NOTIF008_ObjectiveCompleted.cs","0","0","1"
"15","377","C:\ObsidianProtocol-Autonomous-Warfare\Assets\Scripts\UI\Notifications\Units\NOTIF004_UnitDeployed.cs","0","0","1"
"15","377","C:\ObsidianProtocol-Autonomous-Warfare\Assets\Scripts\UI\Notifications\Units\NOTIF003_UnitProduced.cs","0","0","1"
"15","389","C:\ObsidianProtocol-Autonomous-Warfare\Assets\Scripts\UI\Notifications\Unlocks\NOTIF010_TechnologyUnlocked.cs","0","0","1"
"15","379","C:\ObsidianProtocol-Autonomous-Warfare\Assets\Scripts\UI\Notifications\Units\NOTIF005_UnitDestroyed.cs","0","0","1"
"15","385","C:\ObsidianProtocol-Autonomous-Warfare\Assets\Scripts\UI\Notifications\Resources\NOTIF002_ResourceDepleted.cs","0","0","1"
"15","381","C:\ObsidianProtocol-Autonomous-Warfare\Assets\Scripts\UI\Notifications\Resources\NOTIF001_ResourceGained.cs","0","0","1"
"15","381","C:\ObsidianProtocol-Autonomous-Warfare\Assets\Scripts\UI\Notifications\Squads\NOTIF007_SquadDestroyed.cs","0","0","1"
"15","377","C:\ObsidianProtocol-Autonomous-Warfare\Assets\Scripts\UI\Notifications\Squads\NOTIF006_SquadCreated.cs","0","0","1"
"15","377","C:\ObsidianProtocol-Autonomous-Warfare\Assets\Scripts\UI\Overlays\Zones\OVER009_DefensiveZoneOverlay.cs","0","0","1"
"15","387","C:\ObsidianProtocol-Autonomous-Warfare\Assets\Scripts\UI\Results\Performance\RESULT012_AIAutonomyStatistics.cs","0","0","1"
"15","366","C:\ObsidianProtocol-Autonomous-Warfare\Assets\Scripts\UI\Results\Outcome\RESULT003_DrawScreen.cs","0","0","1"
"15","359","C:\ObsidianProtocol-Autonomous-Warfare\Assets\Scripts\UI\Results\Rewards\RESULT014_Rewards.cs","0","0","1"
"15","380","C:\ObsidianProtocol-Autonomous-Warfare\Assets\Scripts\UI\Results\Performance\RESULT013_PlayerPerformance.cs","0","0","1"
"15","385","C:\ObsidianProtocol-Autonomous-Warfare\Assets\Scripts\UI\Results\Navigation\RESULT018_ReturnToMultiplayer.cs","0","0","1"
"15","375","C:\ObsidianProtocol-Autonomous-Warfare\Assets\Scripts\UI\Results\Navigation\RESULT017_ReturnToGarage.cs","0","0","1"
"15","370","C:\ObsidianProtocol-Autonomous-Warfare\Assets\Scripts\UI\Results\Outcome\RESULT002_DefeatScreen.cs","0","0","1"
"15","372","C:\ObsidianProtocol-Autonomous-Warfare\Assets\Scripts\UI\Results\Outcome\RESULT001_VictoryScreen.cs","0","0","1"
"15","374","C:\ObsidianProtocol-Autonomous-Warfare\Assets\Scripts\UI\Results\Statistics\RESULT008_DamageReceived.cs","0","0","1"
"15","368","C:\ObsidianProtocol-Autonomous-Warfare\Assets\Scripts\UI\Results\Statistics\RESULT007_DamageDealt.cs","0","0","1"
"15","382","C:\ObsidianProtocol-Autonomous-Warfare\Assets\Scripts\UI\Results\Statistics\RESULT010_ResourcesCollected.cs","0","0","1"
"15","384","C:\ObsidianProtocol-Autonomous-Warfare\Assets\Scripts\UI\Results\Statistics\RESULT009_ObjectivesCompleted.cs","0","0","1"
"15","339","C:\ObsidianProtocol-Autonomous-Warfare\Assets\Scripts\UI\Menus\Settings\MENU025_Apply.cs","0","0","1"
"15","367","C:\ObsidianProtocol-Autonomous-Warfare\Assets\Scripts\UI\Results\Rewards\RESULT015_Progression.cs","0","0","1"
"15","364","C:\ObsidianProtocol-Autonomous-Warfare\Assets\Scripts\UI\Results\Statistics\RESULT006_UnitsLost.cs","0","0","1"
"15","372","C:\ObsidianProtocol-Autonomous-Warfare\Assets\Scripts\UI\Results\Statistics\RESULT005_UnitsDeployed.cs","0","0","1"
"15","361","C:\ObsidianProtocol-Autonomous-Warfare\Assets\Scripts\UI\Results\Navigation\RESULT016_Continue.cs","0","0","1"
"15","374","C:\ObsidianProtocol-Autonomous-Warfare\Assets\Scripts\UI\Popups\System\Confirmation\POP020_SellConfirmation.cs","0","0","1"
"15","382","C:\ObsidianProtocol-Autonomous-Warfare\Assets\Scripts\UI\Popups\System\Confirmation\POP019_PurchaseConfirmation.cs","0","0","1"
"15","380","C:\ObsidianProtocol-Autonomous-Warfare\Assets\Scripts\UI\Popups\System\Confirmation\POP022_SalvageConfirmation.cs","0","0","1"
"15","378","C:\ObsidianProtocol-Autonomous-Warfare\Assets\Scripts\UI\Popups\System\Confirmation\POP021_RepairConfirmation.cs","0","0","1"
"15","376","C:\ObsidianProtocol-Autonomous-Warfare\Assets\Scripts\UI\Popups\System\Confirmation\POP016_ConfirmationPopup.cs","0","0","1"
"15","377","C:\ObsidianProtocol-Autonomous-Warfare\Assets\Scripts\UI\Overlays\Zones\OVER010_ObjectiveZoneOverlay.cs","0","0","1"
"15","378","C:\ObsidianProtocol-Autonomous-Warfare\Assets\Scripts\UI\Popups\System\Confirmation\POP018_DeleteConfirmation.cs","0","0","1"
"15","378","C:\ObsidianProtocol-Autonomous-Warfare\Assets\Scripts\UI\Popups\System\Confirmation\POP017_CancelConfirmation.cs","0","0","1"
"15","370","C:\ObsidianProtocol-Autonomous-Warfare\Assets\Scripts\UI\Popups\System\Network\POP027_ConnectionLost.cs","0","0","1"
"15","360","C:\ObsidianProtocol-Autonomous-Warfare\Assets\Scripts\UI\Popups\System\Error\POP030_SaveError.cs","0","0","1"
"15","376","C:\ObsidianProtocol-Autonomous-Warfare\Assets\Scripts\UI\Popups\System\Network\POP029_ServerUnavailable.cs","0","0","1"
"15","378","C:\ObsidianProtocol-Autonomous-Warfare\Assets\Scripts\UI\Popups\System\Network\POP028_ConnectionRestored.cs","0","0","1"
"15","374","C:\ObsidianProtocol-Autonomous-Warfare\Assets\Scripts\UI\Popups\System\Confirmation\POP024_ExitConfirmation.cs","0","0","1"
"15","378","C:\ObsidianProtocol-Autonomous-Warfare\Assets\Scripts\UI\Popups\System\Confirmation\POP023_DeployConfirmation.cs","0","0","1"
"15","362","C:\ObsidianProtocol-Autonomous-Warfare\Assets\Scripts\UI\Popups\System\Error\POP026_ErrorPopup.cs","0","0","1"
"15","380","C:\ObsidianProtocol-Autonomous-Warfare\Assets\Scripts\UI\Popups\System\Confirmation\POP025_RestartConfirmation.cs","0","0","1"
"15","355","C:\ObsidianProtocol-Autonomous-Warfare\Assets\Scripts\UI\VR\Operator\VR001_OperatorEntry.cs","0","0","1"
"15","375","C:\ObsidianProtocol-Autonomous-Warfare\Assets\Scripts\Windows\Production\Queue\WIN043_QueueControls.cs","0","0","1"
"15","369","C:\ObsidianProtocol-Autonomous-Warfare\Assets\Scripts\Windows\Production\Queue\WIN042_Queue.cs","0","0","1"
"15","385","C:\ObsidianProtocol-Autonomous-Warfare\Assets\Scripts\Windows\Production\State\WIN045_ProductionComplete.cs","0","0","1"
"15","381","C:\ObsidianProtocol-Autonomous-Warfare\Assets\Scripts\Windows\Production\Queue\WIN044_CancelProduction.cs","0","0","1"
"15","365","C:\ObsidianProtocol-Autonomous-Warfare\Assets\Scripts\Windows\Production\Costs\WIN039_UnitCost.cs","0","0","1"
"15","381","C:\ObsidianProtocol-Autonomous-Warfare\Assets\Scripts\Windows\Production\Core\WIN035_ProductionWindow.cs","0","0","1"
"15","377","C:\ObsidianProtocol-Autonomous-Warfare\Assets\Scripts\Windows\Production\Costs\WIN041_ProductionTime.cs","0","0","1"
"15","383","C:\ObsidianProtocol-Autonomous-Warfare\Assets\Scripts\Windows\Production\Costs\WIN040_RequiredResources.cs","0","0","1"
"15","371","C:\ObsidianProtocol-Autonomous-Warfare\Assets\Scripts\Windows\Squad\Composition\WIN022_SquadComposition.cs","0","0","1"
"15","376","C:\ObsidianProtocol-Autonomous-Warfare\Assets\Scripts\Windows\Squad\Autonomy\WIN034_SquadAutonomyState.cs","0","0","1"
"15","365","C:\ObsidianProtocol-Autonomous-Warfare\Assets\Scripts\Windows\Squad\Composition\WIN025_SquadStrength.cs","0","0","1"
"15","361","C:\ObsidianProtocol-Autonomous-Warfare\Assets\Scripts\Windows\Squad\Composition\WIN024_SquadHealth.cs","0","0","1"
"15","361","C:\ObsidianProtocol-Autonomous-Warfare\Assets\Scripts\Windows\Squad\Autonomy\WIN028_SquadIntent.cs","0","0","1"
"15","402","C:\ObsidianProtocol-Autonomous-Warfare\Assets\Scripts\Windows\Production\State\WIN046_ProductionUnavailableState.cs","0","0","1"
"15","365","C:\ObsidianProtocol-Autonomous-Warfare\Assets\Scripts\Windows\Squad\Autonomy\WIN030_SquadBehavior.cs","0","0","1"
"15","365","C:\ObsidianProtocol-Autonomous-Warfare\Assets\Scripts\Windows\Squad\Autonomy\WIN029_SquadPriority.cs","0","0","1"
"15","371","C:\ObsidianProtocol-Autonomous-Warfare\Assets\Scripts\Windows\Production\Catalog\WIN038_UnitPreview.cs","0","0","1"
"15","364","C:\ObsidianProtocol-Autonomous-Warfare\Assets\Scripts\Windows\Logistics\Status\WIN059_SupplyStatus.cs","0","0","1"
"15","364","C:\ObsidianProtocol-Autonomous-Warfare\Assets\Scripts\Windows\Logistics\Routes\WIN064_SupplyRoutes.cs","0","0","1"
"15","372","C:\ObsidianProtocol-Autonomous-Warfare\Assets\Scripts\Windows\Logistics\Status\WIN061_AmmunitionStatus.cs","0","0","1"
"15","360","C:\ObsidianProtocol-Autonomous-Warfare\Assets\Scripts\Windows\Logistics\Status\WIN060_FuelStatus.cs","0","0","1"
"15","374","C:\ObsidianProtocol-Autonomous-Warfare\Assets\Scripts\Windows\Intelligence\Tracking\WIN078_TrackingStatus.cs","0","0","1"
"15","370","C:\ObsidianProtocol-Autonomous-Warfare\Assets\Scripts\Windows\Intelligence\Tracking\WIN076_SensorSource.cs","0","0","1"
"15","374","C:\ObsidianProtocol-Autonomous-Warfare\Assets\Scripts\Windows\Logistics\Core\WIN058_LogisticsOverview.cs","0","0","1"
"15","384","C:\ObsidianProtocol-Autonomous-Warfare\Assets\Scripts\Windows\Intelligence\Tracking\WIN079_IntelligenceHistory.cs","0","0","1"
"15","385","C:\ObsidianProtocol-Autonomous-Warfare\Assets\Scripts\Windows\Logistics\Warnings\WIN068_RouteDisruptionDisplay.cs","0","0","1"
"15","374","C:\ObsidianProtocol-Autonomous-Warfare\Assets\Scripts\Windows\Logistics\Warnings\WIN067_LogisticsWarnings.cs","0","0","1"
"15","377","C:\ObsidianProtocol-Autonomous-Warfare\Assets\Scripts\Windows\Production\Catalog\WIN037_UnitCategories.cs","0","0","1"
"15","377","C:\ObsidianProtocol-Autonomous-Warfare\Assets\Scripts\Windows\Production\Catalog\WIN036_AvailableUnits.cs","0","0","1"
"15","362","C:\ObsidianProtocol-Autonomous-Warfare\Assets\Scripts\Windows\Logistics\Status\WIN066_DepotStatus.cs","0","0","1"
"15","364","C:\ObsidianProtocol-Autonomous-Warfare\Assets\Scripts\Windows\Logistics\Status\WIN062_RepairStatus.cs","0","0","1"
"15","353","C:\ObsidianProtocol-Autonomous-Warfare\Assets\Scripts\Windows\Logistics\Transport\WIN065_Convoys.cs","0","0","1"
"15","374","C:\ObsidianProtocol-Autonomous-Warfare\Assets\Scripts\Windows\Logistics\Transport\WIN063_ResourceTransport.cs","0","0","1"
"15","369","C:\ObsidianProtocol-Autonomous-Warfare\Assets\Scripts\Windows\Squad\Composition\WIN032_SquadCasualties.cs","0","0","1"
"15","379","C:\ObsidianProtocol-Autonomous-Warfare\Assets\Scripts\Windows\UnitInformation\Status\WIN016_CurrentOrders.cs","0","0","1"
"15","364","C:\ObsidianProtocol-Autonomous-Warfare\Assets\Scripts\Windows\UnitInformation\Status\WIN015_Status.cs","0","0","1"
"15","367","C:\ObsidianProtocol-Autonomous-Warfare\Assets\Scripts\Windows\UnitInformation\Status\WIN018_AIState.cs","0","0","1"
"15","379","C:\ObsidianProtocol-Autonomous-Warfare\Assets\Scripts\Windows\UnitInformation\Status\WIN017_CurrentIntent.cs","0","0","1"
"15","369","C:\ObsidianProtocol-Autonomous-Warfare\Assets\Scripts\Windows\UnitInformation\Identity\WIN003_UnitName.cs","0","0","1"
"15","388","C:\ObsidianProtocol-Autonomous-Warfare\Assets\Scripts\Windows\UnitInformation\Core\WIN002_UnitPortraitModel.cs","0","0","1"
"15","375","C:\ObsidianProtocol-Autonomous-Warfare\Assets\Scripts\Windows\UnitInformation\Identity\WIN005_UnitFaction.cs","0","0","1"
"15","369","C:\ObsidianProtocol-Autonomous-Warfare\Assets\Scripts\Windows\UnitInformation\Identity\WIN004_UnitType.cs","0","0","1"
"15","364","C:\ObsidianProtocol-Autonomous-Warfare\Assets\Scripts\Windows\UnitInformation\Systems\WIN010_Energy.cs","0","0","1"
"15","360","C:\ObsidianProtocol-Autonomous-Warfare\Assets\Scripts\Windows\UnitInformation\Systems\WIN009_Fuel.cs","0","0","1"
"15","366","C:\ObsidianProtocol-Autonomous-Warfare\Assets\Scripts\Windows\UnitInformation\Systems\WIN012_Weapons.cs","0","0","1"
"15","366","C:\ObsidianProtocol-Autonomous-Warfare\Assets\Scripts\Windows\UnitInformation\Systems\WIN011_Sensors.cs","0","0","1"
"15","364","C:\ObsidianProtocol-Autonomous-Warfare\Assets\Scripts\Windows\UnitInformation\Systems\WIN006_Health.cs","0","0","1"
"15","383","C:\ObsidianProtocol-Autonomous-Warfare\Assets\Scripts\Windows\UnitInformation\Status\WIN019_SquadAssignment.cs","0","0","1"
"15","362","C:\ObsidianProtocol-Autonomous-Warfare\Assets\Scripts\Windows\UnitInformation\Systems\WIN008_Speed.cs","0","0","1"
"15","362","C:\ObsidianProtocol-Autonomous-Warfare\Assets\Scripts\Windows\UnitInformation\Systems\WIN007_Armor.cs","0","0","1"
"15","388","C:\ObsidianProtocol-Autonomous-Warfare\Assets\Scripts\Windows\UnitInformation\Core\WIN001_UnitDetailsWindow.cs","0","0","1"
"15","361","C:\ObsidianProtocol-Autonomous-Warfare\Assets\Scripts\Windows\Squad\Operations\WIN031_SquadOrders.cs","0","0","1"
"15","367","C:\ObsidianProtocol-Autonomous-Warfare\Assets\Scripts\Windows\Squad\Operations\WIN027_SquadObjective.cs","0","0","1"
"15","374","C:\ObsidianProtocol-Autonomous-Warfare\Assets\Scripts\Windows\Technology\Core\WIN080_TechnologyWindow.cs","0","0","1"
"15","375","C:\ObsidianProtocol-Autonomous-Warfare\Assets\Scripts\Windows\Squad\Operations\WIN033_SquadReinforcement.cs","0","0","1"
"15","357","C:\ObsidianProtocol-Autonomous-Warfare\Assets\Scripts\Windows\Squad\Identity\WIN021_SquadName.cs","0","0","1"
"15","363","C:\ObsidianProtocol-Autonomous-Warfare\Assets\Scripts\Windows\Squad\Core\WIN020_SquadDetails.cs","0","0","1"
"15","367","C:\ObsidianProtocol-Autonomous-Warfare\Assets\Scripts\Windows\Squad\Operations\WIN026_SquadFormation.cs","0","0","1"
"15","361","C:\ObsidianProtocol-Autonomous-Warfare\Assets\Scripts\Windows\Squad\Identity\WIN023_SquadLeader.cs","0","0","1"
"15","378","C:\ObsidianProtocol-Autonomous-Warfare\Assets\Scripts\Windows\Technology\Research\WIN087_UnlockedTechnology.cs","0","0","1"
"15","374","C:\ObsidianProtocol-Autonomous-Warfare\Assets\Scripts\Windows\Technology\Research\WIN086_LockedTechnology.cs","0","0","1"
"15","382","C:\ObsidianProtocol-Autonomous-Warfare\Assets\Scripts\Windows\Technology\Tree\WIN082_TechnologyCategories.cs","0","0","1"
"15","370","C:\ObsidianProtocol-Autonomous-Warfare\Assets\Scripts\Windows\Technology\Tree\WIN081_TechnologyTree.cs","0","0","1"
"15","382","C:\ObsidianProtocol-Autonomous-Warfare\Assets\Scripts\Windows\Technology\Research\WIN083_ResearchRequirements.cs","0","0","1"
"15","376","C:\ObsidianProtocol-Autonomous-Warfare\Assets\Scripts\Windows\Technology\Details\WIN088_TechnologyDetails.cs","0","0","1"
"15","374","C:\ObsidianProtocol-Autonomous-Warfare\Assets\Scripts\Windows\Technology\Research\WIN085_ResearchProgress.cs","0","0","1"
"15","366","C:\ObsidianProtocol-Autonomous-Warfare\Assets\Scripts\Windows\Technology\Research\WIN084_ResearchCost.cs","0","0","1"
"15","386","C:\ObsidianProtocol-Autonomous-Warfare\Assets\Scripts\Windows\Construction\Catalog\WIN050_StructureCost.cs","0","0","1"
"15","398","C:\ObsidianProtocol-Autonomous-Warfare\Assets\Scripts\Windows\Construction\Catalog\WIN049_StructurePreview.cs","0","0","1"
"15","385","C:\ObsidianProtocol-Autonomous-Warfare\Assets\Scripts\Windows\Construction\Placement\WIN051_PlacementPreview.cs","0","0","1"
"15","385","C:\ObsidianProtocol-Autonomous-Warfare\Assets\Scripts\Windows\Construction\Core\WIN047_ConstructionMenu.cs","0","0","1"
"15","360","C:\ObsidianProtocol-Autonomous-Warfare\Assets\Scripts\Windows\Ability\Targeting\WIN106_AbilityRange.cs","0","0","1"
"15","383","C:\ObsidianProtocol-Autonomous-Warfare\Assets\Scripts\Windows\Ability\State\WIN108_AbilityUnavailableState.cs","0","0","1"
"15","391","C:\ObsidianProtocol-Autonomous-Warfare\Assets\Scripts\Windows\Construction\Catalog\WIN048_StructureCategories.cs","0","0","1"
"15","368","C:\ObsidianProtocol-Autonomous-Warfare\Assets\Scripts\Windows\Ability\Targeting\WIN107_AbilityTargeting.cs","0","0","1"
"15","393","C:\ObsidianProtocol-Autonomous-Warfare\Assets\Scripts\Windows\Construction\State\WIN057_ConstructionComplete.cs","0","0","1"
"15","389","C:\ObsidianProtocol-Autonomous-Warfare\Assets\Scripts\Windows\Construction\Progress\WIN056_CancelConstruction.cs","0","0","1"
"15","388","C:\ObsidianProtocol-Autonomous-Warfare\Assets\Scripts\Windows\Deployment\Budget\DEP003_AvailableDeployment.cs","0","0","1"
"15","397","C:\ObsidianProtocol-Autonomous-Warfare\Assets\Scripts\Windows\Deployment\Budget\DEP002_DeploymentBudgetDisplay.cs","0","0","1"
"15","385","C:\ObsidianProtocol-Autonomous-Warfare\Assets\Scripts\Windows\Construction\Placement\WIN053_InvalidPlacement.cs","0","0","1"
"15","381","C:\ObsidianProtocol-Autonomous-Warfare\Assets\Scripts\Windows\Construction\Placement\WIN052_ValidPlacement.cs","0","0","1"
"15","393","C:\ObsidianProtocol-Autonomous-Warfare\Assets\Scripts\Windows\Construction\Progress\WIN055_ConstructionProgress.cs","0","0","1"
"15","368","C:\ObsidianProtocol-Autonomous-Warfare\Assets\Scripts\Windows\Construction\Placement\WIN054_Rotation.cs","0","0","1"
"15","375","C:\ObsidianProtocol-Autonomous-Warfare\Assets\Scripts\Windows\Ability\Information\WIN105_AbilityResourceCost.cs","0","0","1"
"15","357","C:\ObsidianProtocol-Autonomous-Warfare\Assets\Scripts\UI\VR\Sensors\VR014_SensorControls.cs","0","0","1"
"15","351","C:\ObsidianProtocol-Autonomous-Warfare\Assets\Scripts\UI\VR\Operator\VR005_ExitMachine.cs","0","0","1"
"15","342","C:\ObsidianProtocol-Autonomous-Warfare\Assets\Scripts\UI\VR\Sensors\VR016_Thermal.cs","0","0","1"
"15","338","C:\ObsidianProtocol-Autonomous-Warfare\Assets\Scripts\UI\VR\Sensors\VR015_Radar.cs","0","0","1"
"15","363","C:\ObsidianProtocol-Autonomous-Warfare\Assets\Scripts\UI\VR\Operator\VR002_OperatorSelection.cs","0","0","1"
"15","370","C:\ObsidianProtocol-Autonomous-Warfare\Assets\Scripts\Windows\UnitInformation\Systems\WIN013_Equipment.cs","0","0","1"
"15","353","C:\ObsidianProtocol-Autonomous-Warfare\Assets\Scripts\UI\VR\Operator\VR004_EnterMachine.cs","0","0","1"
"15","369","C:\ObsidianProtocol-Autonomous-Warfare\Assets\Scripts\UI\VR\Operator\VR003_MachineCompatibility.cs","0","0","1"
"15","360","C:\ObsidianProtocol-Autonomous-Warfare\Assets\Scripts\Windows\Ability\Information\WIN102_AbilityIcons.cs","0","0","1"
"15","360","C:\ObsidianProtocol-Autonomous-Warfare\Assets\Scripts\Windows\Ability\Core\WIN101_AbilityPanel.cs","0","0","1"
"15","366","C:\ObsidianProtocol-Autonomous-Warfare\Assets\Scripts\Windows\Ability\Information\WIN104_AbilityCooldown.cs","0","0","1"
"15","372","C:\ObsidianProtocol-Autonomous-Warfare\Assets\Scripts\Windows\Ability\Information\WIN103_AbilityDescription.cs","0","0","1"
"15","351","C:\ObsidianProtocol-Autonomous-Warfare\Assets\Scripts\UI\VR\Tactical\VR018_TacticalMap.cs","0","0","1"
"15","338","C:\ObsidianProtocol-Autonomous-Warfare\Assets\Scripts\UI\VR\Sensors\VR017_Lidar.cs","0","0","1"
"15","359","C:\ObsidianProtocol-Autonomous-Warfare\Assets\Scripts\UI\VR\Weapons\VR013_WeaponSelection.cs","0","0","1"
"15","346","C:\ObsidianProtocol-Autonomous-Warfare\Assets\Scripts\UI\VR\Weapons\VR012_Targeting.cs","0","0","1"
"15","397","C:\ObsidianProtocol-Autonomous-Warfare\Assets\Scripts\Windows\Deployment\Budget\DEP004_MaximumDeploymentPoints.cs","0","0","1"
"15","362","C:\ObsidianProtocol-Autonomous-Warfare\Assets\Scripts\Windows\Equipment\Slots\WIN093_SensorSlots.cs","0","0","1"
"15","360","C:\ObsidianProtocol-Autonomous-Warfare\Assets\Scripts\Windows\Equipment\Slots\WIN092_ArmorSlots.cs","0","0","1"
"15","364","C:\ObsidianProtocol-Autonomous-Warfare\Assets\Scripts\Windows\Equipment\Slots\WIN095_PayloadSlots.cs","0","0","1"
"15","362","C:\ObsidianProtocol-Autonomous-Warfare\Assets\Scripts\Windows\Equipment\Slots\WIN094_ModuleSlots.cs","0","0","1"
"15","353","C:\ObsidianProtocol-Autonomous-Warfare\Assets\Scripts\Windows\Equipment\Loadout\WIN090_Loadout.cs","0","0","1"
"15","370","C:\ObsidianProtocol-Autonomous-Warfare\Assets\Scripts\Windows\Equipment\Core\WIN089_EquipmentWindow.cs","0","0","1"
"15","362","C:\ObsidianProtocol-Autonomous-Warfare\Assets\Scripts\Windows\Equipment\Slots\WIN091_WeaponSlots.cs","0","0","1"
"15","364","C:\ObsidianProtocol-Autonomous-Warfare\Assets\Scripts\Windows\Equipment\Loadout\WIN099_ApplyLoadout.cs","0","0","1"
"15","376","C:\ObsidianProtocol-Autonomous-Warfare\Assets\Scripts\Windows\Intelligence\Contacts\WIN072_UnknownContacts.cs","0","0","1"
"15","377","C:\ObsidianProtocol-Autonomous-Warfare\Assets\Scripts\Windows\Intelligence\Contacts\WIN071_KnownEnemyUnits.cs","0","0","1"
"15","381","C:\ObsidianProtocol-Autonomous-Warfare\Assets\Scripts\Windows\Intelligence\Tracking\WIN075_LastKnownPosition.cs","0","0","1"
"15","382","C:\ObsidianProtocol-Autonomous-Warfare\Assets\Scripts\Windows\Intelligence\Core\WIN069_IntelligenceWindow.cs","0","0","1"
"15","368","C:\ObsidianProtocol-Autonomous-Warfare\Assets\Scripts\Windows\Intelligence\Analysis\WIN074_ThreatLevel.cs","0","0","1"
"15","388","C:\ObsidianProtocol-Autonomous-Warfare\Assets\Scripts\Windows\Intelligence\Analysis\WIN073_ContactClassification.cs","0","0","1"
"15","368","C:\ObsidianProtocol-Autonomous-Warfare\Assets\Scripts\Windows\Intelligence\Contacts\WIN070_ContactList.cs","0","0","1"
"15","376","C:\ObsidianProtocol-Autonomous-Warfare\Assets\Scripts\Windows\Intelligence\Analysis\WIN077_ConfidenceLevel.cs","0","0","1"
"15","378","C:\ObsidianProtocol-Autonomous-Warfare\Assets\Scripts\Windows\Equipment\Comparison\WIN097_EquipmentStatistics.cs","0","0","1"
"15","394","C:\ObsidianProtocol-Autonomous-Warfare\Assets\Scripts\Windows\Deployment\Ready\DEP013_DeploymentConfirmation.cs","0","0","1"
"15","376","C:\ObsidianProtocol-Autonomous-Warfare\Assets\Scripts\Windows\Deployment\Placement\DEP010_UnitPlacement.cs","0","0","1"
"15","389","C:\ObsidianProtocol-Autonomous-Warfare\Assets\Scripts\Windows\Deployment\Ready\DEP015_OpponentReadyStatus.cs","0","0","1"
"15","372","C:\ObsidianProtocol-Autonomous-Warfare\Assets\Scripts\Windows\Deployment\Ready\DEP014_ReadyButton.cs","0","0","1"
"15","382","C:\ObsidianProtocol-Autonomous-Warfare\Assets\Scripts\Windows\Deployment\Composition\DEP008_SquadComposition.cs","0","0","1"
"15","380","C:\ObsidianProtocol-Autonomous-Warfare\Assets\Scripts\Windows\Deployment\Composition\DEP007_ArmyComposition.cs","0","0","1"
"15","380","C:\ObsidianProtocol-Autonomous-Warfare\Assets\Scripts\Windows\Deployment\Placement\DEP009_DeploymentZones.cs","0","0","1"
"15","382","C:\ObsidianProtocol-Autonomous-Warfare\Assets\Scripts\Windows\Deployment\Core\DEP001_DeploymentScreen.cs","0","0","1"
"15","382","C:\ObsidianProtocol-Autonomous-Warfare\Assets\Scripts\Windows\Equipment\Actions\WIN098_EquipmentRestrictions.cs","0","0","1"
"15","393","C:\ObsidianProtocol-Autonomous-Warfare\Assets\Scripts\Windows\Deployment\Warnings\DEP012_BudgetExceededWarning.cs","0","0","1"
"15","378","C:\ObsidianProtocol-Autonomous-Warfare\Assets\Scripts\Windows\Equipment\Comparison\WIN096_EquipmentComparison.cs","0","0","1"
"15","362","C:\ObsidianProtocol-Autonomous-Warfare\Assets\Scripts\Windows\Equipment\Actions\WIN100_SaveLoadout.cs","0","0","1"
"15","376","C:\ObsidianProtocol-Autonomous-Warfare\Assets\Scripts\Windows\Deployment\Selection\DEP005_UnitSelection.cs","0","0","1"
"15","388","C:\ObsidianProtocol-Autonomous-Warfare\Assets\Scripts\Windows\Deployment\Ready\DEP016_DeploymentCountdown.cs","0","0","1"
"15","399","C:\ObsidianProtocol-Autonomous-Warfare\Assets\Scripts\Windows\Deployment\Warnings\DEP011_InvalidDeploymentWarning.cs","0","0","1"
"15","398","C:\ObsidianProtocol-Autonomous-Warfare\Assets\Scripts\Windows\Deployment\Selection\DEP006_UnitDeploymentPointCost.cs","0","0","1"
"15","362","C:\ObsidianProtocol-Autonomous-Warfare\Assets\Scripts\UI\HUD\Minimap\Controls\MAP013_CameraDirection.cs","0","0","1"
"15","339","C:\ObsidianProtocol-Autonomous-Warfare\Assets\Scripts\UI\HUD\Minimap\Controls\MAP014_Zoom.cs","0","0","1"
"15","360","C:\ObsidianProtocol-Autonomous-Warfare\Assets\Scripts\UI\HUD\Minimap\Controls\MAP015_MinimapFilters.cs","0","0","1"
"15","390","C:\ObsidianProtocol-Autonomous-Warfare\Assets\Scripts\UI\HUD\Autonomy\Status\AUTO020_AIDecisionStatusDisplay.cs","0","0","1"
"15","372","C:\ObsidianProtocol-Autonomous-Warfare\Assets\Scripts\UI\HUD\Autonomy\Interface\AUTO002_IntentSelection.cs","0","0","1"
"15","378","C:\ObsidianProtocol-Autonomous-Warfare\Assets\Scripts\UI\HUD\Autonomy\Interface\AUTO003_ObjectiveSelection.cs","0","0","1"
"15","387","C:\ObsidianProtocol-Autonomous-Warfare\Assets\Scripts\UI\HUD\Autonomy\Status\AUTO019_AutonomyStateIndicator.cs","0","0","1"
"15","356","C:\ObsidianProtocol-Autonomous-Warfare\Assets\Scripts\UI\HUD\Minimap\Core\MAP001_MinimapFrame.cs","0","0","1"
"15","362","C:\ObsidianProtocol-Autonomous-Warfare\Assets\Scripts\UI\HUD\Minimap\Entities\MAP005_UnknownContacts.cs","0","0","1"
"15","356","C:\ObsidianProtocol-Autonomous-Warfare\Assets\Scripts\UI\HUD\Minimap\Entities\MAP006_SquadMarkers.cs","0","0","1"
"15","366","C:\ObsidianProtocol-Autonomous-Warfare\Assets\Scripts\UI\HUD\Minimap\Entities\MAP008_ResourceLocations.cs","0","0","1"
"15","352","C:\ObsidianProtocol-Autonomous-Warfare\Assets\Scripts\UI\HUD\Minimap\Entities\MAP004_EnemyUnits.cs","0","0","1"
"15","345","C:\ObsidianProtocol-Autonomous-Warfare\Assets\Scripts\UI\HUD\Minimap\Core\MAP002_Terrain.cs","0","0","1"
"15","360","C:\ObsidianProtocol-Autonomous-Warfare\Assets\Scripts\UI\HUD\Minimap\Core\MAP012_CameraPosition.cs","0","0","1"
"15","358","C:\ObsidianProtocol-Autonomous-Warfare\Assets\Scripts\UI\HUD\Minimap\Entities\MAP003_FriendlyUnits.cs","0","0","1"
"15","372","C:\ObsidianProtocol-Autonomous-Warfare\Assets\Scripts\UI\HUD\Autonomy\Interface\AUTO001_IntentInterface.cs","0","0","1"
"15","372","C:\ObsidianProtocol-Autonomous-Warfare\Assets\Scripts\UI\HUD\Autonomy\Behaviors\AUTO013_DefensiveIntent.cs","0","0","1"
"15","364","C:\ObsidianProtocol-Autonomous-Warfare\Assets\Scripts\UI\HUD\Autonomy\Behaviors\AUTO014_ReconIntent.cs","0","0","1"
"15","368","C:\ObsidianProtocol-Autonomous-Warfare\Assets\Scripts\UI\HUD\Autonomy\Behaviors\AUTO015_PursuitIntent.cs","0","0","1"
"15","366","C:\ObsidianProtocol-Autonomous-Warfare\Assets\Scripts\UI\HUD\Autonomy\Behaviors\AUTO012_BreachIntent.cs","0","0","1"
"15","374","C:\ObsidianProtocol-Autonomous-Warfare\Assets\Scripts\UI\HUD\Autonomy\Behaviors\AUTO009_MovementBehavior.cs","0","0","1"
"15","370","C:\ObsidianProtocol-Autonomous-Warfare\Assets\Scripts\UI\HUD\Autonomy\Behaviors\AUTO010_FlankingIntent.cs","0","0","1"
"15","376","C:\ObsidianProtocol-Autonomous-Warfare\Assets\Scripts\UI\HUD\Autonomy\Behaviors\AUTO011_SuppressionIntent.cs","0","0","1"
"15","368","C:\ObsidianProtocol-Autonomous-Warfare\Assets\Scripts\UI\HUD\Autonomy\Behaviors\AUTO016_RetreatIntent.cs","0","0","1"
"15","372","C:\ObsidianProtocol-Autonomous-Warfare\Assets\Scripts\UI\HUD\Autonomy\Configuration\AUTO006_EngagementRange.cs","0","0","1"
"15","376","C:\ObsidianProtocol-Autonomous-Warfare\Assets\Scripts\UI\HUD\Autonomy\Configuration\AUTO007_AggressionSetting.cs","0","0","1"
"15","374","C:\ObsidianProtocol-Autonomous-Warfare\Assets\Scripts\UI\HUD\Autonomy\Configuration\AUTO008_FormationSetting.cs","0","0","1"
"15","377","C:\ObsidianProtocol-Autonomous-Warfare\Assets\Scripts\UI\HUD\Autonomy\Configuration\AUTO005_RulesOfEngagement.cs","0","0","1"
"15","380","C:\ObsidianProtocol-Autonomous-Warfare\Assets\Scripts\UI\HUD\Autonomy\Behaviors\AUTO017_ReinforcementIntent.cs","0","0","1"
"15","368","C:\ObsidianProtocol-Autonomous-Warfare\Assets\Scripts\UI\HUD\Autonomy\Behaviors\AUTO018_SupportIntent.cs","0","0","1"
"15","376","C:\ObsidianProtocol-Autonomous-Warfare\Assets\Scripts\UI\HUD\Autonomy\Configuration\AUTO004_PrioritySelection.cs","0","0","1"
"15","369","C:\ObsidianProtocol-Autonomous-Warfare\Assets\Scripts\UI\HUD\TacticalMap\Filters\MAP020_EnemyFiltering.cs","0","0","1"
"15","383","C:\ObsidianProtocol-Autonomous-Warfare\Assets\Scripts\UI\HUD\TacticalMap\Filters\MAP021_IntelligenceFiltering.cs","0","0","1"
"15","377","C:\ObsidianProtocol-Autonomous-Warfare\Assets\Scripts\UI\HUD\TacticalMap\Filters\MAP022_LogisticsFiltering.cs","0","0","1"
"15","369","C:\ObsidianProtocol-Autonomous-Warfare\Assets\Scripts\UI\HUD\TacticalMap\Filters\MAP019_SquadFiltering.cs","0","0","1"
"15","376","C:\ObsidianProtocol-Autonomous-Warfare\Assets\Scripts\UI\HUD\TacticalMap\Core\MAP016_TacticalMapWindow.cs","0","0","1"
"15","380","C:\ObsidianProtocol-Autonomous-Warfare\Assets\Scripts\UI\HUD\TacticalMap\Core\MAP017_FullBattlefieldView.cs","0","0","1"
"15","367","C:\ObsidianProtocol-Autonomous-Warfare\Assets\Scripts\UI\HUD\TacticalMap\Filters\MAP018_UnitFiltering.cs","0","0","1"
"15","375","C:\ObsidianProtocol-Autonomous-Warfare\Assets\Scripts\UI\HUD\TacticalMap\Filters\MAP023_ResourceFiltering.cs","0","0","1"
"15","365","C:\ObsidianProtocol-Autonomous-Warfare\Assets\Scripts\UI\HUD\TacticalMap\Overlays\MAP028_AttackRoutes.cs","0","0","1"
"15","369","C:\ObsidianProtocol-Autonomous-Warfare\Assets\Scripts\UI\HUD\TacticalMap\Overlays\MAP029_DefensiveZones.cs","0","0","1"
"15","361","C:\ObsidianProtocol-Autonomous-Warfare\Assets\Scripts\UI\HUD\TacticalMap\Overlays\MAP030_ReconZones.cs","0","0","1"
"15","369","C:\ObsidianProtocol-Autonomous-Warfare\Assets\Scripts\UI\HUD\TacticalMap\Overlays\MAP027_MovementRoutes.cs","0","0","1"
"15","377","C:\ObsidianProtocol-Autonomous-Warfare\Assets\Scripts\UI\HUD\TacticalMap\Filters\MAP024_ObjectiveFiltering.cs","0","0","1"
"15","367","C:\ObsidianProtocol-Autonomous-Warfare\Assets\Scripts\UI\HUD\TacticalMap\Intelligence\MAP025_ThreatOverlay.cs","0","0","1"
"15","369","C:\ObsidianProtocol-Autonomous-Warfare\Assets\Scripts\UI\HUD\TacticalMap\Intelligence\MAP026_SensorCoverage.cs","0","0","1"
"15","375","C:\ObsidianProtocol-Autonomous-Warfare\Assets\Scripts\UI\HUD\StrategicMap\Territory\MAP032_TerritoryControl.cs","0","0","1"
"15","367","C:\ObsidianProtocol-Autonomous-Warfare\Assets\Scripts\UI\HUD\StrategicMap\Core\MAP031_StrategicMap.cs","0","0","1"
"15","356","C:\ObsidianProtocol-Autonomous-Warfare\Assets\Scripts\UI\HUD\StrategicMap\Core\MAP033_Regions.cs","0","0","1"
"15","352","C:\ObsidianProtocol-Autonomous-Warfare\Assets\Scripts\UI\HUD\StrategicMap\Forces\MAP034_Bases.cs","0","0","1"
"15","349","C:\ObsidianProtocol-Autonomous-Warfare\Assets\Scripts\UI\HUD\Minimap\Markers\MAP011_Waypoints.cs","0","0","1"
"15","351","C:\ObsidianProtocol-Autonomous-Warfare\Assets\Scripts\UI\HUD\Minimap\Entities\MAP009_Structures.cs","0","0","1"
"15","364","C:\ObsidianProtocol-Autonomous-Warfare\Assets\Scripts\UI\HUD\Minimap\Markers\MAP007_ObjectiveMarkers.cs","0","0","1"
"15","362","C:\ObsidianProtocol-Autonomous-Warfare\Assets\Scripts\UI\HUD\Minimap\Markers\MAP010_TacticalMarkers.cs","0","0","1"
"15","354","C:\ObsidianProtocol-Autonomous-Warfare\Assets\Scripts\UI\HUD\StrategicMap\Forces\MAP035_Armies.cs","0","0","1"
"15","360","C:\ObsidianProtocol-Autonomous-Warfare\Assets\Scripts\UI\HUD\StrategicMap\Logistics\MAP037_Logistics.cs","0","0","1"
"15","360","C:\ObsidianProtocol-Autonomous-Warfare\Assets\Scripts\UI\HUD\StrategicMap\Logistics\MAP038_Resources.cs","0","0","1"
"15","373","C:\ObsidianProtocol-Autonomous-Warfare\Assets\Scripts\UI\HUD\StrategicMap\Logistics\MAP041_StrategicRoutes.cs","0","0","1"
"15","377","C:\ObsidianProtocol-Autonomous-Warfare\Assets\Scripts\UI\HUD\StrategicMap\Intelligence\MAP042_IntelligenceLayer.cs","0","0","1"
"15","363","C:\ObsidianProtocol-Autonomous-Warfare\Assets\Scripts\UI\HUD\StrategicMap\Forces\MAP036_FrontLines.cs","0","0","1"
"15","381","C:\ObsidianProtocol-Autonomous-Warfare\Assets\Scripts\UI\HUD\StrategicMap\Forces\MAP040_StrategicObjectives.cs","0","0","1"
"15","369","C:\ObsidianProtocol-Autonomous-Warfare\Assets\Scripts\UI\HUD\StrategicMap\Intelligence\MAP039_EnemyActivity.cs","0","0","1"
"15","368","C:\ObsidianProtocol-Autonomous-Warfare\Assets\Scripts\UI\Garage\Maintenance\GAR025_RepairConfirmation.cs","0","0","1"
"15","358","C:\ObsidianProtocol-Autonomous-Warfare\Assets\Scripts\UI\Campaign\Map\CAM002_CampaignMap.cs","0","0","1"
"15","366","C:\ObsidianProtocol-Autonomous-Warfare\Assets\Scripts\UI\Campaign\Map\CAM003_RegionSelection.cs","0","0","1"
"15","368","C:\ObsidianProtocol-Autonomous-Warfare\Assets\Scripts\UI\Campaign\Missions\CAM004_MissionSelection.cs","0","0","1"
"15","360","C:\ObsidianProtocol-Autonomous-Warfare\Assets\Scripts\UI\Campaign\Main\CAM001_CampaignHome.cs","0","0","1"
"15","378","C:\ObsidianProtocol-Autonomous-Warfare\Assets\Scripts\UI\Campaign\Deployment\CAM008_DeploymentPreparation.cs","0","0","1"
"15","364","C:\ObsidianProtocol-Autonomous-Warfare\Assets\Scripts\UI\Campaign\Deployment\CAM009_MissionLoading.cs","0","0","1"
"15","356","C:\ObsidianProtocol-Autonomous-Warfare\Assets\Scripts\UI\Campaign\Deployment\CAM010_MissionHUD.cs","0","0","1"
"15","366","C:\ObsidianProtocol-Autonomous-Warfare\Assets\Scripts\UI\Campaign\Missions\CAM005_MissionBriefing.cs","0","0","1"
"15","366","C:\ObsidianProtocol-Autonomous-Warfare\Assets\Scripts\UI\Campaign\Results\CAM012_MissionComplete.cs","0","0","1"
"15","362","C:\ObsidianProtocol-Autonomous-Warfare\Assets\Scripts\UI\Campaign\Results\CAM013_MissionFailed.cs","0","0","1"
"15","364","C:\ObsidianProtocol-Autonomous-Warfare\Assets\Scripts\UI\Campaign\Results\CAM014_MissionRewards.cs","0","0","1"
"15","366","C:\ObsidianProtocol-Autonomous-Warfare\Assets\Scripts\UI\Campaign\Results\CAM011_MissionProgress.cs","0","0","1"
"15","370","C:\ObsidianProtocol-Autonomous-Warfare\Assets\Scripts\UI\Campaign\Missions\CAM006_MissionObjectives.cs","0","0","1"
"15","374","C:\ObsidianProtocol-Autonomous-Warfare\Assets\Scripts\UI\Campaign\Missions\CAM007_MissionRequirements.cs","0","0","1"
"15","374","C:\ObsidianProtocol-Autonomous-Warfare\Assets\Scripts\UI\Campaign\Progression\CAM015_CampaignProgression.cs","0","0","1"
"15","366","C:\ObsidianProtocol-Autonomous-Warfare\Assets\Scripts\Popups\Combat\Unit\POP006_UnitDestroyed.cs","0","0","1"
"15","368","C:\ObsidianProtocol-Autonomous-Warfare\Assets\Scripts\Popups\Combat\Detection\POP003_TargetAcquired.cs","0","0","1"
"15","374","C:\ObsidianProtocol-Autonomous-Warfare\Assets\Scripts\Popups\Combat\Objectives\POP009_ObjectiveAttacked.cs","0","0","1"
"15","374","C:\ObsidianProtocol-Autonomous-Warfare\Assets\Scripts\Popups\Combat\Objectives\POP010_ObjectiveCaptured.cs","0","0","1"
"15","358","C:\ObsidianProtocol-Autonomous-Warfare\Assets\Scripts\Popups\Combat\Detection\POP002_EnemyLost.cs","0","0","1"
"15","383","C:\ObsidianProtocol-Autonomous-Warfare\Assets\Scripts\UI\Notifications\Objectives\NOTIF009_ObjectiveFailed.cs","0","0","1"
"15","364","C:\ObsidianProtocol-Autonomous-Warfare\Assets\Scripts\Popups\Combat\Base\POP012_BaseAttacked.cs","0","0","1"
"15","366","C:\ObsidianProtocol-Autonomous-Warfare\Assets\Scripts\Popups\Combat\Detection\POP001_EnemyDetected.cs","0","0","1"
"15","366","C:\ObsidianProtocol-Autonomous-Warfare\Assets\Scripts\Popups\Combat\Objectives\POP011_ObjectiveLost.cs","0","0","1"
"15","384","C:\ObsidianProtocol-Autonomous-Warfare\Assets\Scripts\Popups\Combat\Threat\POP015_ReinforcementAvailable.cs","0","0","1"
"15","362","C:\ObsidianProtocol-Autonomous-Warfare\Assets\Scripts\Popups\Combat\Unit\POP004_UnderAttack.cs","0","0","1"
"15","362","C:\ObsidianProtocol-Autonomous-Warfare\Assets\Scripts\Popups\Combat\Unit\POP005_UnitDamaged.cs","0","0","1"
"15","376","C:\ObsidianProtocol-Autonomous-Warfare\Assets\Scripts\Popups\Combat\Threat\POP014_RetreatRecommended.cs","0","0","1"
"15","364","C:\ObsidianProtocol-Autonomous-Warfare\Assets\Scripts\Popups\Combat\Squad\POP007_SquadDamaged.cs","0","0","1"
"15","368","C:\ObsidianProtocol-Autonomous-Warfare\Assets\Scripts\Popups\Combat\Squad\POP008_SquadDestroyed.cs","0","0","1"
"15","368","C:\ObsidianProtocol-Autonomous-Warfare\Assets\Scripts\Popups\Combat\Threat\POP013_CriticalThreat.cs","0","0","1"
"15","360","C:\ObsidianProtocol-Autonomous-Warfare\Assets\Scripts\UI\Garage\Inspection\GAR010_UnitStatistics.cs","0","0","1"
"15","358","C:\ObsidianProtocol-Autonomous-Warfare\Assets\Scripts\UI\Garage\Inspection\GAR011_UnitCondition.cs","0","0","1"
"15","367","C:\ObsidianProtocol-Autonomous-Warfare\Assets\Scripts\UI\Garage\Main\GAR001_GarageEntryScreen.cs","0","0","1"
"15","362","C:\ObsidianProtocol-Autonomous-Warfare\Assets\Scripts\UI\Garage\Inspection\GAR009_UnitInformation.cs","0","0","1"
"15","360","C:\ObsidianProtocol-Autonomous-Warfare\Assets\Scripts\UI\Garage\Inspection\GAR006_UnitInspection.cs","0","0","1"
"15","352","C:\ObsidianProtocol-Autonomous-Warfare\Assets\Scripts\UI\Garage\Inspection\GAR007_RotateUnit.cs","0","0","1"
"15","348","C:\ObsidianProtocol-Autonomous-Warfare\Assets\Scripts\UI\Garage\Inspection\GAR008_ZoomUnit.cs","0","0","1"
"15","360","C:\ObsidianProtocol-Autonomous-Warfare\Assets\Scripts\UI\Garage\Main\GAR002_GarageOverview.cs","0","0","1"
"15","362","C:\ObsidianProtocol-Autonomous-Warfare\Assets\Scripts\UI\Garage\Maintenance\GAR022_RepairCondition.cs","0","0","1"
"15","352","C:\ObsidianProtocol-Autonomous-Warfare\Assets\Scripts\UI\Garage\Maintenance\GAR023_RepairCost.cs","0","0","1"
"15","352","C:\ObsidianProtocol-Autonomous-Warfare\Assets\Scripts\UI\Garage\Maintenance\GAR024_RepairTime.cs","0","0","1"
"15","356","C:\ObsidianProtocol-Autonomous-Warfare\Assets\Scripts\UI\Garage\Maintenance\GAR021_RepairScreen.cs","0","0","1"
"15","358","C:\ObsidianProtocol-Autonomous-Warfare\Assets\Scripts\UI\Garage\Main\GAR003_FleetOverview.cs","0","0","1"
"15","360","C:\ObsidianProtocol-Autonomous-Warfare\Assets\Scripts\UI\Garage\Main\GAR004_AvailableSlots.cs","0","0","1"
"15","360","C:\ObsidianProtocol-Autonomous-Warfare\Assets\Scripts\UI\Garage\Main\GAR005_FacilityStatus.cs","0","0","1"
"15","366","C:\ObsidianProtocol-Autonomous-Warfare\Assets\Scripts\UI\Garage\Customization\GAR032_SaveCustomization.cs","0","0","1"
"15","345","C:\ObsidianProtocol-Autonomous-Warfare\Assets\Scripts\UI\Garage\Configuration\GAR016_Sensors.cs","0","0","1"
"15","345","C:\ObsidianProtocol-Autonomous-Warfare\Assets\Scripts\UI\Garage\Configuration\GAR017_Modules.cs","0","0","1"
"15","358","C:\ObsidianProtocol-Autonomous-Warfare\Assets\Scripts\UI\Garage\Configuration\GAR018_AIPersonality.cs","0","0","1"
"15","341","C:\ObsidianProtocol-Autonomous-Warfare\Assets\Scripts\UI\Garage\Configuration\GAR015_Armor.cs","0","0","1"
"15","370","C:\ObsidianProtocol-Autonomous-Warfare\Assets\Scripts\UI\Garage\Configuration\GAR012_ConfigurationScreen.cs","0","0","1"
"15","349","C:\ObsidianProtocol-Autonomous-Warfare\Assets\Scripts\UI\Garage\Configuration\GAR013_Equipment.cs","0","0","1"
"15","345","C:\ObsidianProtocol-Autonomous-Warfare\Assets\Scripts\UI\Garage\Configuration\GAR014_Weapons.cs","0","0","1"
"15","352","C:\ObsidianProtocol-Autonomous-Warfare\Assets\Scripts\UI\Garage\Configuration\GAR019_AIBehavior.cs","0","0","1"
"15","345","C:\ObsidianProtocol-Autonomous-Warfare\Assets\Scripts\UI\Garage\Customization\GAR029_Emblems.cs","0","0","1"
"15","348","C:\ObsidianProtocol-Autonomous-Warfare\Assets\Scripts\UI\Garage\Customization\GAR030_UnitName.cs","0","0","1"
"15","372","C:\ObsidianProtocol-Autonomous-Warfare\Assets\Scripts\UI\Garage\Customization\GAR031_CustomizationPreview.cs","0","0","1"
"15","343","C:\ObsidianProtocol-Autonomous-Warfare\Assets\Scripts\UI\Garage\Customization\GAR028_Decals.cs","0","0","1"
"15","354","C:\ObsidianProtocol-Autonomous-Warfare\Assets\Scripts\UI\Garage\Configuration\GAR020_LoadoutSave.cs","0","0","1"
"15","341","C:\ObsidianProtocol-Autonomous-Warfare\Assets\Scripts\UI\Garage\Customization\GAR026_Paint.cs","0","0","1"
"15","360","C:\ObsidianProtocol-Autonomous-Warfare\Assets\Scripts\UI\Garage\Customization\GAR027_ColorSelection.cs","0","0","1"
"15","364","C:\ObsidianProtocol-Autonomous-Warfare\Assets\Scripts\UI\Menus\Multiplayer\Home\MP013_ReadyState.cs","0","0","1"
"15","364","C:\ObsidianProtocol-Autonomous-Warfare\Assets\Scripts\UI\Menus\Multiplayer\Home\MP014_PlayerList.cs","0","0","1"
"15","376","C:\ObsidianProtocol-Autonomous-Warfare\Assets\Scripts\UI\Menus\Multiplayer\Home\MP012_DeploymentBudget.cs","0","0","1"
"15","376","C:\ObsidianProtocol-Autonomous-Warfare\Assets\Scripts\UI\Menus\Multiplayer\Home\MP010_FactionSelection.cs","0","0","1"
"15","370","C:\ObsidianProtocol-Autonomous-Warfare\Assets\Scripts\UI\Menus\Multiplayer\Home\MP011_MatchSettings.cs","0","0","1"
"15","368","C:\ObsidianProtocol-Autonomous-Warfare\Assets\Scripts\UI\Menus\Multiplayer\Match\MP018_PlayerStatus.cs","0","0","1"
"15","364","C:\ObsidianProtocol-Autonomous-Warfare\Assets\Scripts\UI\Menus\Multiplayer\Match\MP019_TeamStatus.cs","0","0","1"
"15","370","C:\ObsidianProtocol-Autonomous-Warfare\Assets\Scripts\UI\Menus\Multiplayer\Home\MP017_LoadingScreen.cs","0","0","1"
"15","360","C:\ObsidianProtocol-Autonomous-Warfare\Assets\Scripts\UI\Menus\Multiplayer\Home\MP015_TeamList.cs","0","0","1"
"15","372","C:\ObsidianProtocol-Autonomous-Warfare\Assets\Scripts\UI\Menus\Multiplayer\Home\MP016_MatchCountdown.cs","0","0","1"
"15","370","C:\ObsidianProtocol-Autonomous-Warfare\Assets\Scripts\UI\Menus\Multiplayer\Home\MP009_TeamSelection.cs","0","0","1"
"15","351","C:\ObsidianProtocol-Autonomous-Warfare\Assets\Scripts\UI\Menus\Multiplayer\Home\MP002_Play.cs","0","0","1"
"15","366","C:\ObsidianProtocol-Autonomous-Warfare\Assets\Scripts\UI\Menus\Multiplayer\Home\MP003_CreateMatch.cs","0","0","1"
"15","374","C:\ObsidianProtocol-Autonomous-Warfare\Assets\Scripts\UI\Menus\Multiplayer\Home\MP001_MultiplayerHome.cs","0","0","1"
"15","339","C:\ObsidianProtocol-Autonomous-Warfare\Assets\Scripts\UI\Menus\Settings\MENU014_Audio.cs","0","0","1"
"15","343","C:\ObsidianProtocol-Autonomous-Warfare\Assets\Scripts\UI\Menus\Settings\MENU013_Display.cs","0","0","1"
"15","368","C:\ObsidianProtocol-Autonomous-Warfare\Assets\Scripts\UI\Menus\Multiplayer\Home\MP007_MapSelection.cs","0","0","1"
"15","366","C:\ObsidianProtocol-Autonomous-Warfare\Assets\Scripts\UI\Menus\Multiplayer\Home\MP008_PlayerCount.cs","0","0","1"
"15","362","C:\ObsidianProtocol-Autonomous-Warfare\Assets\Scripts\UI\Menus\Multiplayer\Home\MP006_MatchType.cs","0","0","1"
"15","362","C:\ObsidianProtocol-Autonomous-Warfare\Assets\Scripts\UI\Menus\Multiplayer\Home\MP004_JoinMatch.cs","0","0","1"
"15","370","C:\ObsidianProtocol-Autonomous-Warfare\Assets\Scripts\UI\Menus\Multiplayer\Home\MP005_ServerBrowser.cs","0","0","1"
"15","372","C:\ObsidianProtocol-Autonomous-Warfare\Assets\Scripts\UI\Menus\Multiplayer\Match\MP020_TeamObjectives.cs","0","0","1"
"15","345","C:\ObsidianProtocol-Autonomous-Warfare\Assets\Scripts\UI\Menus\Pause\MENU004_Controls.cs","0","0","1"
"15","349","C:\ObsidianProtocol-Autonomous-Warfare\Assets\Scripts\UI\Menus\Pause\MENU005_Objectives.cs","0","0","1"
"15","345","C:\ObsidianProtocol-Autonomous-Warfare\Assets\Scripts\UI\Menus\Pause\MENU003_Settings.cs","0","0","1"
"15","354","C:\ObsidianProtocol-Autonomous-Warfare\Assets\Scripts\UI\Menus\Pause\MENU001_PauseOverlay.cs","0","0","1"
"15","341","C:\ObsidianProtocol-Autonomous-Warfare\Assets\Scripts\UI\Menus\Pause\MENU002_Resume.cs","0","0","1"
"15","354","C:\ObsidianProtocol-Autonomous-Warfare\Assets\Scripts\UI\Menus\Settings\MENU010_SettingsHome.cs","0","0","1"
"15","346","C:\ObsidianProtocol-Autonomous-Warfare\Assets\Scripts\UI\Menus\Pause\MENU009_QuitGame.cs","0","0","1"
"15","348","C:\ObsidianProtocol-Autonomous-Warfare\Assets\Scripts\UI\Menus\Pause\MENU008_ExitMatch.cs","0","0","1"
"15","335","C:\ObsidianProtocol-Autonomous-Warfare\Assets\Scripts\UI\Menus\Pause\MENU006_Map.cs","0","0","1"
"15","343","C:\ObsidianProtocol-Autonomous-Warfare\Assets\Scripts\UI\Menus\Pause\MENU007_Restart.cs","0","0","1"
"15","366","C:\ObsidianProtocol-Autonomous-Warfare\Assets\Scripts\UI\Menus\Multiplayer\Match\MP029_SpectatorUI.cs","0","0","1"
"15","372","C:\ObsidianProtocol-Autonomous-Warfare\Assets\Scripts\UI\Menus\Multiplayer\Match\MP022_TeamDeployment.cs","0","0","1"
"15","353","C:\ObsidianProtocol-Autonomous-Warfare\Assets\Scripts\UI\Menus\Multiplayer\Match\MP023_Score.cs","0","0","1"
"15","339","C:\ObsidianProtocol-Autonomous-Warfare\Assets\Scripts\UI\Menus\Settings\MENU011_Video.cs","0","0","1"
"15","370","C:\ObsidianProtocol-Autonomous-Warfare\Assets\Scripts\UI\Menus\Multiplayer\Match\MP021_TeamResources.cs","0","0","1"
"15","345","C:\ObsidianProtocol-Autonomous-Warfare\Assets\Scripts\UI\Menus\Settings\MENU012_Graphics.cs","0","0","1"
"15","364","C:\ObsidianProtocol-Autonomous-Warfare\Assets\Scripts\UI\Menus\Multiplayer\Match\MP027_PlayerList.cs","0","0","1"
"15","363","C:\ObsidianProtocol-Autonomous-Warfare\Assets\Scripts\UI\Menus\Multiplayer\Match\MP028_Scoreboard.cs","0","0","1"
"15","378","C:\ObsidianProtocol-Autonomous-Warfare\Assets\Scripts\UI\Menus\Multiplayer\Match\MP026_TeamCommunication.cs","0","0","1"
"15","382","C:\ObsidianProtocol-Autonomous-Warfare\Assets\Scripts\UI\Menus\Multiplayer\Match\MP025_PlayerCommunication.cs","0","0","1"
"15","364","C:\ObsidianProtocol-Autonomous-Warfare\Assets\Scripts\UI\Menus\Multiplayer\Match\MP024_MatchTimer.cs","0","0","1"
"16","409","C:\ObsidianProtocol-Autonomous-Warfare\Assets\Scripts\UI\Polish\Testing\POLISH017_ResolutionTesting.cs","0","0","1"
"16","395","C:\ObsidianProtocol-Autonomous-Warfare\Assets\Scripts\UI\Polish\Layout\POLISH001_HUDSpacing.cs","0","0","1"
"16","392","C:\ObsidianProtocol-Autonomous-Warfare\Assets\Scripts\UI\Polish\Layout\POLISH002_Alignment.cs","0","0","1"
"16","421","C:\ObsidianProtocol-Autonomous-Warfare\Assets\Scripts\UI\Polish\Performance\POLISH020_PerformanceOptimization.cs","0","0","1"
"16","407","C:\ObsidianProtocol-Autonomous-Warfare\Assets\Scripts\UI\Polish\Testing\POLISH018_UltrawideTesting.cs","0","0","1"
"16","403","C:\ObsidianProtocol-Autonomous-Warfare\Assets\Scripts\UI\Polish\Visual\POLISH005_PanelHierarchy.cs","0","0","1"
"16","405","C:\ObsidianProtocol-Autonomous-Warfare\Assets\Scripts\UI\Polish\Animation\POLISH007_AlertAnimations.cs","0","0","1"
"16","405","C:\ObsidianProtocol-Autonomous-Warfare\Assets\Scripts\UI\Polish\Visual\POLISH004_IconConsistency.cs","0","0","1"
"16","401","C:\ObsidianProtocol-Autonomous-Warfare\Assets\Scripts\UI\Polish\Testing\POLISH019_VRReadability.cs","0","0","1"
"16","394","C:\ObsidianProtocol-Autonomous-Warfare\Assets\Scripts\UI\Polish\Visual\POLISH003_Typography.cs","0","0","1"
"16","403","C:\ObsidianProtocol-Autonomous-Warfare\Assets\Scripts\UI\Polish\Animation\POLISH010_MapTransitions.cs","0","0","1"
"16","401","C:\ObsidianProtocol-Autonomous-Warfare\Assets\Scripts\UI\Polish\Feedback\POLISH014_AudioFeedback.cs","0","0","1"
"16","409","C:\ObsidianProtocol-Autonomous-Warfare\Assets\Scripts\UI\Polish\Animation\POLISH009_WindowTransitions.cs","0","0","1"
"16","413","C:\ObsidianProtocol-Autonomous-Warfare\Assets\Scripts\UI\Polish\Animation\POLISH006_SelectionAnimations.cs","0","0","1"
"16","405","C:\ObsidianProtocol-Autonomous-Warfare\Assets\Scripts\UI\Polish\Animation\POLISH008_PopupAnimations.cs","0","0","1"
"16","401","C:\ObsidianProtocol-Autonomous-Warfare\Assets\Scripts\UI\Polish\Interaction\POLISH012_ClickFeedback.cs","0","0","1"
"16","401","C:\ObsidianProtocol-Autonomous-Warfare\Assets\Scripts\UI\Polish\Interaction\POLISH013_ErrorFeedback.cs","0","0","1"
"16","401","C:\ObsidianProtocol-Autonomous-Warfare\Assets\Scripts\UI\Polish\Interaction\POLISH011_HoverFeedback.cs","0","0","1"
"16","411","C:\ObsidianProtocol-Autonomous-Warfare\Assets\Scripts\UI\Polish\Feedback\POLISH015_ControllerFeedback.cs","0","0","1"
"16","395","C:\ObsidianProtocol-Autonomous-Warfare\Assets\Scripts\UI\Polish\Feedback\POLISH016_VRFeedback.cs","0","0","1"
"17","439","C:\ObsidianProtocol-Autonomous-Warfare\Assets\Scripts\UI\Notifications\UINotificationManager.cs","0","0","0"
"17","425","C:\ObsidianProtocol-Autonomous-Warfare\Assets\Scripts\UI\Modals\UIModalManager.cs","0","0","0"
"17","427","C:\ObsidianProtocol-Autonomous-Warfare\Assets\Scripts\UI\Windows\UIWindowManager.cs","0","0","0"
"17","425","C:\ObsidianProtocol-Autonomous-Warfare\Assets\Scripts\UI\Input\UIInputManager.cs","0","0","0"
"17","425","C:\ObsidianProtocol-Autonomous-Warfare\Assets\Scripts\UI\Popups\UIPopupManager.cs","0","0","0"
"17","429","C:\ObsidianProtocol-Autonomous-Warfare\Assets\Scripts\UI\Overlays\UIOverlayManager.cs","0","0","0"
"19","621","C:\ObsidianProtocol-Autonomous-Warfare\Assets\Scripts\UI\HUD\Battlefield\UnitControl\HUDUnitAmmunition.cs","0","0","0"
"21","556","C:\ObsidianProtocol-Autonomous-Warfare\Assets\Scripts\UI\HUD\Top\HUDResourceMeat.cs","0","0","0"
"21","556","C:\ObsidianProtocol-Autonomous-Warfare\Assets\Scripts\UI\HUD\Top\HUDResourceWood.cs","0","0","0"
"21","563","C:\ObsidianProtocol-Autonomous-Warfare\Assets\Scripts\UI\HUD\Top\HUDResourceElectronics.cs","0","0","0"
"21","695","C:\ObsidianProtocol-Autonomous-Warfare\Assets\Scripts\UI\HUD\Battlefield\Tactical\HUDSuppressionIndicators.cs","0","0","0"
"21","556","C:\ObsidianProtocol-Autonomous-Warfare\Assets\Scripts\UI\HUD\Top\HUDResourceCoal.cs","0","0","0"
"21","558","C:\ObsidianProtocol-Autonomous-Warfare\Assets\Scripts\UI\HUD\Top\HUDResourceEnergy.cs","0","0","0"
"21","494","C:\ObsidianProtocol-Autonomous-Warfare\Assets\Scripts\UI\HUD\Battlefield\UnitCommandPanel\HUDUnitCommandPanel.cs","0","0","0"
"21","556","C:\ObsidianProtocol-Autonomous-Warfare\Assets\Scripts\UI\HUD\Top\HUDResourceIron.cs","0","0","0"
"21","556","C:\ObsidianProtocol-Autonomous-Warfare\Assets\Scripts\UI\HUD\Top\HUDResourceFuel.cs","0","0","0"
"21","557","C:\ObsidianProtocol-Autonomous-Warfare\Assets\Scripts\UI\HUD\Top\HUDResourceAlloy.cs","0","0","0"
"22","533","C:\ObsidianProtocol-Autonomous-Warfare\Assets\Scripts\UI\QA\Coverage\QA003_WindowsTest.cs","0","0","1"
"22","533","C:\ObsidianProtocol-Autonomous-Warfare\Assets\Scripts\UI\QA\Coverage\QA005_ScreensTest.cs","0","0","1"
"22","529","C:\ObsidianProtocol-Autonomous-Warfare\Assets\Scripts\UI\QA\Coverage\QA004_MenusTest.cs","0","0","1"
"22","533","C:\ObsidianProtocol-Autonomous-Warfare\Assets\Scripts\UI\QA\Coverage\QA007_ButtonsTest.cs","0","0","1"
"22","535","C:\ObsidianProtocol-Autonomous-Warfare\Assets\Scripts\UI\QA\Coverage\QA006_OverlaysTest.cs","0","0","1"
"22","529","C:\ObsidianProtocol-Autonomous-Warfare\Assets\Scripts\UI\QA\Assets\QA022_UIAssetAudit.cs","0","0","1"
"22","531","C:\ObsidianProtocol-Autonomous-Warfare\Assets\Scripts\UI\HUD\Battlefield\UnitControl\HUDSelectionRing.cs","0","0","0"
"22","594","C:\ObsidianProtocol-Autonomous-Warfare\Assets\Scripts\UI\MainMenu\UIMainMenuVersionDisplay.cs","0","0","0"
"22","539","C:\ObsidianProtocol-Autonomous-Warfare\Assets\Scripts\UI\QA\Assets\QA023_MissingImageAudit.cs","0","0","1"
"22","531","C:\ObsidianProtocol-Autonomous-Warfare\Assets\Scripts\UI\QA\Coverage\QA002_PopupsTest.cs","0","0","1"
"22","542","C:\ObsidianProtocol-Autonomous-Warfare\Assets\Scripts\UI\QA\Coverage\QA001_HUDElementsTest.cs","0","0","1"
"22","537","C:\ObsidianProtocol-Autonomous-Warfare\Assets\Scripts\UI\QA\Assets\QA024_MissingIconAudit.cs","0","0","1"
"22","530","C:\ObsidianProtocol-Autonomous-Warfare\Assets\Scripts\UI\QA\Coverage\QA008_InputTest.cs","0","0","1"
"22","534","C:\ObsidianProtocol-Autonomous-Warfare\Assets\Scripts\UI\QA\Platform\QA011_ControllerTest.cs","0","0","1"
"22","531","C:\ObsidianProtocol-Autonomous-Warfare\Assets\Scripts\UI\QA\Persistence\QA018_SaveLoadTest.cs","0","0","1"
"22","550","C:\ObsidianProtocol-Autonomous-Warfare\Assets\Scripts\UI\QA\Integration\QA025_FinalUIIntegrationTest.cs","0","0","1"
"22","518","C:\ObsidianProtocol-Autonomous-Warfare\Assets\Scripts\UI\QA\Platform\QA012_VRTest.cs","0","0","1"
"22","540","C:\ObsidianProtocol-Autonomous-Warfare\Assets\Scripts\UI\QA\Quality\QA021_AccessibilityTest.cs","0","0","1"
"22","536","C:\ObsidianProtocol-Autonomous-Warfare\Assets\Scripts\UI\QA\Quality\QA020_PerformanceTest.cs","0","0","1"
"22","534","C:\ObsidianProtocol-Autonomous-Warfare\Assets\Scripts\UI\QA\Quality\QA019_ResolutionTest.cs","0","0","1"
"22","526","C:\ObsidianProtocol-Autonomous-Warfare\Assets\Scripts\UI\QA\GameModes\QA015_GarageTest.cs","0","0","1"
"22","530","C:\ObsidianProtocol-Autonomous-Warfare\Assets\Scripts\UI\QA\GameModes\QA014_CampaignTest.cs","0","0","1"
"22","536","C:\ObsidianProtocol-Autonomous-Warfare\Assets\Scripts\UI\QA\GameModes\QA013_MultiplayerTest.cs","0","0","1"
"22","524","C:\ObsidianProtocol-Autonomous-Warfare\Assets\Scripts\UI\QA\GameModes\QA016_StoreTest.cs","0","0","1"
"22","524","C:\ObsidianProtocol-Autonomous-Warfare\Assets\Scripts\UI\QA\Input\QA010_MouseTest.cs","0","0","1"
"22","530","C:\ObsidianProtocol-Autonomous-Warfare\Assets\Scripts\UI\QA\Input\QA009_KeyboardTest.cs","0","0","1"
"22","534","C:\ObsidianProtocol-Autonomous-Warfare\Assets\Scripts\UI\QA\GameModes\QA017_DeploymentTest.cs","0","0","1"
"24","747","C:\ObsidianProtocol-Autonomous-Warfare\Assets\Scripts\UI\HUD\Battlefield\Tactical\HUDDamageIndicators.cs","0","0","0"
"25","781","C:\ObsidianProtocol-Autonomous-Warfare\Assets\Scripts\UI\HUD\Battlefield\Tactical\HUDDestructionIndicators.cs","0","0","0"
"25","662","C:\ObsidianProtocol-Autonomous-Warfare\Assets\Scripts\UI\MainMenu\UIMainMenuBackground.cs","0","0","0"
"25","761","C:\ObsidianProtocol-Autonomous-Warfare\Assets\Scripts\UI\HUD\Battlefield\UnitControl\HUDUnitArmor.cs","0","0","0"
"25","713","C:\ObsidianProtocol-Autonomous-Warfare\Assets\Scripts\UI\HUD\Battlefield\Objectives\HUDMoveMarkers.cs","0","0","0"
"25","715","C:\ObsidianProtocol-Autonomous-Warfare\Assets\Scripts\UI\HUD\Battlefield\Objectives\HUDReconMarkers.cs","0","0","0"
"25","620","C:\ObsidianProtocol-Autonomous-Warfare\Assets\Scripts\UI\MainMenu\UIMainMenuLogo.cs","0","0","0"
"25","779","C:\ObsidianProtocol-Autonomous-Warfare\Assets\Scripts\UI\HUD\Battlefield\UnitControl\HUDUnitEnergy.cs","0","0","0"
"25","743","C:\ObsidianProtocol-Autonomous-Warfare\Assets\Scripts\UI\HUD\Battlefield\UnitControl\HUDUnitFuel.cs","0","0","0"
"25","772","C:\ObsidianProtocol-Autonomous-Warfare\Assets\Scripts\UI\HUD\Battlefield\UnitControl\HUDUnitIdentification.cs","0","0","0"
"26","627","C:\ObsidianProtocol-Autonomous-Warfare\Assets\Scripts\UI\Core\UIAnimationSystem.cs","0","0","0"
"27","763","C:\ObsidianProtocol-Autonomous-Warfare\Assets\Scripts\UI\MainMenu\UIMainMenuSettings.cs","0","0","1"
"27","790","C:\ObsidianProtocol-Autonomous-Warfare\Assets\Scripts\UI\MainMenu\UIMainMenuMultiplayer.cs","0","0","1"
"27","774","C:\ObsidianProtocol-Autonomous-Warfare\Assets\Scripts\UI\HUD\Battlefield\UnitControl\HUDMultiUnitSelection.cs","0","0","0"
"27","754","C:\ObsidianProtocol-Autonomous-Warfare\Assets\Scripts\UI\MainMenu\UIMainMenuCredits.cs","0","0","1"
"27","763","C:\ObsidianProtocol-Autonomous-Warfare\Assets\Scripts\UI\MainMenu\UIMainMenuCampaign.cs","0","0","1"
"27","767","C:\ObsidianProtocol-Autonomous-Warfare\Assets\Scripts\UI\MainMenu\UIMainMenuContinue.cs","0","0","1"
"27","745","C:\ObsidianProtocol-Autonomous-Warfare\Assets\Scripts\UI\MainMenu\UIMainMenuGarage.cs","0","0","1"
"27","782","C:\ObsidianProtocol-Autonomous-Warfare\Assets\Scripts\UI\MainMenu\UIMainMenuVROperator.cs","0","0","1"
"27","736","C:\ObsidianProtocol-Autonomous-Warfare\Assets\Scripts\UI\MainMenu\UIMainMenuStore.cs","0","0","1"
"28","779","C:\ObsidianProtocol-Autonomous-Warfare\Assets\Scripts\UI\Notifications\UIGlobalNotificationSystem.cs","0","0","0"
"28","590","C:\ObsidianProtocol-Autonomous-Warfare\Assets\Scripts\UI\Layers\UILayerSystem.cs","0","0","0"
"29","845","C:\ObsidianProtocol-Autonomous-Warfare\Assets\Scripts\UI\HUD\Top\HUDPopulationForceIndicator.cs","0","0","0"
"29","816","C:\ObsidianProtocol-Autonomous-Warfare\Assets\Scripts\UI\Notifications\UIGlobalAlertSystem.cs","0","0","0"
"29","792","C:\ObsidianProtocol-Autonomous-Warfare\Assets\Scripts\UI\Core\UIAudioFeedbackSystem.cs","0","0","0"
"29","753","C:\ObsidianProtocol-Autonomous-Warfare\Assets\Scripts\UI\Core\UITooltipSystem.cs","0","0","0"
"30","1025","C:\ObsidianProtocol-Autonomous-Warfare\Assets\Scripts\UI\HUD\Battlefield\Tactical\HUDBuildingStructureIndicators.cs","0","0","0"
"30","830","C:\ObsidianProtocol-Autonomous-Warfare\Assets\Scripts\UI\Core\UIStateSystem.cs","0","0","0"
"30","822","C:\ObsidianProtocol-Autonomous-Warfare\Assets\Scripts\UI\MainMenu\UIMainMenuProfile.cs","0","0","0"
"30","924","C:\ObsidianProtocol-Autonomous-Warfare\Assets\Scripts\UI\HUD\Battlefield\UnitControl\HUDUnitHealth.cs","0","0","0"
"31","828","C:\ObsidianProtocol-Autonomous-Warfare\Assets\Scripts\UI\HUD\Battlefield\Tactical\HUDThreatMarkers.cs","0","0","0"
"31","858","C:\ObsidianProtocol-Autonomous-Warfare\Assets\Scripts\UI\HUD\Battlefield\Tactical\HUDTacticalIntentMarkers.cs","0","0","0"
"32","849","C:\ObsidianProtocol-Autonomous-Warfare\Assets\Scripts\UI\MainMenu\UIMainMenuExit.cs","0","0","1"
"32","861","C:\ObsidianProtocol-Autonomous-Warfare\Assets\Scripts\UI\HUD\Battlefield\Selection\HUDSelectionIndicator.cs","0","0","0"
"32","1008","C:\ObsidianProtocol-Autonomous-Warfare\Assets\Scripts\UI\HUD\Battlefield\Units\HUDUnitHealthBars.cs","0","0","0"
"32","928","C:\ObsidianProtocol-Autonomous-Warfare\Assets\Scripts\UI\HUD\Top\HUDCommandIntentAvailability.cs","0","0","0"
"33","956","C:\ObsidianProtocol-Autonomous-Warfare\Assets\Scripts\UI\Notifications\UIGlobalTooltip.cs","0","0","0"
"34","1009","C:\ObsidianProtocol-Autonomous-Warfare\Assets\Scripts\UI\Navigation\UISelectionSystem.cs","0","0","0"
"35","813","C:\ObsidianProtocol-Autonomous-Warfare\Assets\Scripts\UI\HUD\Battlefield\UnitControl\HUDSelectionBox.cs","0","0","0"
"35","1045","C:\ObsidianProtocol-Autonomous-Warfare\Assets\Scripts\UI\Global\Gameplay\UIGlobalObjectiveNotification.cs","0","0","0"
"35","1006","C:\ObsidianProtocol-Autonomous-Warfare\Assets\Scripts\UI\Global\Gameplay\UIGlobalUnlockNotification.cs","0","0","0"
"35","885","C:\ObsidianProtocol-Autonomous-Warfare\Assets\Scripts\UI\HUD\Top\HUDTopResourceBar.cs","0","0","0"
"35","1071","C:\ObsidianProtocol-Autonomous-Warfare\Assets\Scripts\UI\Global\Gameplay\UIGlobalAchievementNotification.cs","0","0","0"
"35","1027","C:\ObsidianProtocol-Autonomous-Warfare\Assets\Scripts\UI\Navigation\UIFocusSystem.cs","0","0","0"
"35","1007","C:\ObsidianProtocol-Autonomous-Warfare\Assets\Scripts\UI\Global\Gameplay\UIGlobalSystemMessage.cs","0","0","0"
"35","1032","C:\ObsidianProtocol-Autonomous-Warfare\Assets\Scripts\UI\Global\Gameplay\UIGlobalPurchaseNotification.cs","0","0","0"
"35","982","C:\ObsidianProtocol-Autonomous-Warfare\Assets\Scripts\UI\Popups\UIGlobalErrorPopup.cs","0","0","0"
"35","882","C:\ObsidianProtocol-Autonomous-Warfare\Assets\Scripts\UI\HUD\Battlefield\UnitControl\HUDUnitCapabilityStatus.cs","0","0","0"
"35","994","C:\ObsidianProtocol-Autonomous-Warfare\Assets\Scripts\UI\Popups\UIGlobalWarningPopup.cs","0","0","0"
"36","866","C:\ObsidianProtocol-Autonomous-Warfare\Assets\Scripts\UI\HUD\Battlefield\Units\HUDEnemyIndicators.cs","0","0","0"
"36","869","C:\ObsidianProtocol-Autonomous-Warfare\Assets\Scripts\UI\HUD\Battlefield\Units\HUDFriendlyIndicators.cs","0","0","0"
"36","1017","C:\ObsidianProtocol-Autonomous-Warfare\Assets\Scripts\UI\HUD\Battlefield\Units\HUDSquadIndicators.cs","0","0","0"
"36","1062","C:\ObsidianProtocol-Autonomous-Warfare\Assets\Scripts\UI\Core\UIScalingSystem.cs","0","0","0"
"36","1049","C:\ObsidianProtocol-Autonomous-Warfare\Assets\Scripts\UI\Navigation\UINavigationSystem.cs","0","0","0"
"37","987","C:\ObsidianProtocol-Autonomous-Warfare\Assets\Scripts\UI\HUD\Top\HUDConnectionIndicator.cs","0","0","0"
"38","1156","C:\ObsidianProtocol-Autonomous-Warfare\Assets\Scripts\UI\Global\Gameplay\UIGlobalResourceNotification.cs","0","0","0"
"39","890","C:\ObsidianProtocol-Autonomous-Warfare\Assets\Scripts\UI\HUD\Top\HUDGameStateIndicator.cs","0","0","0"
"39","1128","C:\ObsidianProtocol-Autonomous-Warfare\Assets\Scripts\UI\MainMenu\UIMainMenuPlayerStatus.cs","0","0","0"
"40","993","C:\ObsidianProtocol-Autonomous-Warfare\Assets\Scripts\UI\HUD\Battlefield\Objectives\HUDDefenseMarkers.cs","0","0","0"
"40","1094","C:\ObsidianProtocol-Autonomous-Warfare\Assets\Scripts\UI\HUD\Battlefield\Objectives\HUDObjectiveMarkers.cs","0","0","0"
"40","992","C:\ObsidianProtocol-Autonomous-Warfare\Assets\Scripts\UI\HUD\Battlefield\Objectives\HUDAttackMarkers.cs","0","0","0"
"42","1248","C:\ObsidianProtocol-Autonomous-Warfare\Assets\Scripts\UI\Navigation\UIKeyboardMouseNavigation.cs","0","0","0"
"42","1349","C:\ObsidianProtocol-Autonomous-Warfare\Assets\Scripts\UI\Global\Gameplay\UIGlobalConnectionIndicator.cs","0","0","0"
"42","1242","C:\ObsidianProtocol-Autonomous-Warfare\Assets\Scripts\UI\Core\UIControllerNavigation.cs","0","0","0"
"43","939","C:\ObsidianProtocol-Autonomous-Warfare\Assets\Scripts\UI\HUD\Battlefield\UnitControl\HUDUnitStatus.cs","0","0","0"
"43","1000","C:\ObsidianProtocol-Autonomous-Warfare\Assets\Scripts\UI\HUD\Battlefield\Units\HUDUnitStatusIndicators.cs","0","0","0"
"43","1141","C:\ObsidianProtocol-Autonomous-Warfare\Assets\Scripts\UI\HUD\Battlefield\Objectives\HUDWaypointMarkers.cs","0","0","0"
"44","1164","C:\ObsidianProtocol-Autonomous-Warfare\Assets\Scripts\UI\MainMenu\UIMainMenuConnectionStatus.cs","0","0","0"
"45","1291","C:\ObsidianProtocol-Autonomous-Warfare\Assets\Scripts\UI\Global\Loading\UIGlobalLoadingIndicator.cs","0","0","0"
"47","1273","C:\ObsidianProtocol-Autonomous-Warfare\Assets\Scripts\UI\HUD\Top\HUDMatchTimer.cs","0","0","0"
"47","1311","C:\ObsidianProtocol-Autonomous-Warfare\Assets\Scripts\UI\Core\UIConfirmationSystem.cs","0","0","0"
"51","1442","C:\ObsidianProtocol-Autonomous-Warfare\Assets\Scripts\UI\Global\Loading\UIGlobalProgressIndicator.cs","0","0","0"
"54","1411","C:\ObsidianProtocol-Autonomous-Warfare\Assets\Scripts\UI\Popups\UIGlobalConfirmationPopup.cs","0","0","0"
"59","1851","C:\ObsidianProtocol-Autonomous-Warfare\Assets\Scripts\UI\Core\UITransitionSystem.cs","0","0","0"
"62","1711","C:\ObsidianProtocol-Autonomous-Warfare\Assets\Scripts\Movement\LargeScaleNavigationOptimization.cs","0","0","2"
"91","2813","C:\ObsidianProtocol-Autonomous-Warfare\Assets\Scripts\Editor\ObsidianConstructionWindowBuilder.cs","0","0","2"
"92","3935","C:\ObsidianProtocol-Autonomous-Warfare\Assets\Scripts\Editor\ObsidianResults28Builder.cs","0","0","2"
"92","2783","C:\ObsidianProtocol-Autonomous-Warfare\Assets\Scripts\Editor\ObsidianProductionWindowBuilder.cs","0","0","2"
"92","3859","C:\ObsidianProtocol-Autonomous-Warfare\Assets\Scripts\Editor\ObsidianStore26Builder.cs","0","0","2"
"93","3911","C:\ObsidianProtocol-Autonomous-Warfare\Assets\Scripts\Editor\ObsidianCampaign27Builder.cs","0","0","2"
"94","3019","C:\ObsidianProtocol-Autonomous-Warfare\Assets\Scripts\Editor\ObsidianUnitInformationWindowBuilder.cs","0","0","2"
"95","2973","C:\ObsidianProtocol-Autonomous-Warfare\Assets\Scripts\Editor\ObsidianSquadWindowBuilder.cs","0","0","2"
"97","4063","C:\ObsidianProtocol-Autonomous-Warfare\Assets\Scripts\Editor\ObsidianWindows1617Builder.cs","0","0","2"
"99","4473","C:\ObsidianProtocol-Autonomous-Warfare\Assets\Scripts\Editor\ObsidianMenus2122Builder.cs","0","0","2"
"103","4703","C:\ObsidianProtocol-Autonomous-Warfare\Assets\Scripts\Editor\ObsidianWindows1819Builder.cs","0","0","2"
"105","4783","C:\ObsidianProtocol-Autonomous-Warfare\Assets\Scripts\Editor\ObsidianMultiplayer2324Builder.cs","0","0","2"
"106","4749","C:\ObsidianProtocol-Autonomous-Warfare\Assets\Scripts\Editor\ObsidianGarage25Builder.cs","0","0","2"
"113","4466","C:\ObsidianProtocol-Autonomous-Warfare\Assets\Scripts\Editor\ObsidianNotifications29Builder.cs","0","0","2"
"122","5488","C:\ObsidianProtocol-Autonomous-Warfare\Assets\Scripts\Editor\ObsidianWindows1315Builder.cs","0","0","2"
"123","4825","C:\ObsidianProtocol-Autonomous-Warfare\Assets\Scripts\Editor\ObsidianVR30Builder.cs","0","0","2"
"133","5190","C:\ObsidianProtocol-Autonomous-Warfare\Assets\Scripts\Editor\ObsidianQA35Builder.cs","0","0","2"
"136","4633","C:\ObsidianProtocol-Autonomous-Warfare\Assets\Scripts\UI\Core\UIManager.cs","0","0","6"
"153","5011","C:\ObsidianProtocol-Autonomous-Warfare\Assets\Scripts\Editor\ObsidianTutorial31Builder.cs","0","0","2"
"163","5550","C:\ObsidianProtocol-Autonomous-Warfare\Assets\Scripts\Editor\ObsidianTooltips32Builder.cs","0","0","2"
"180","6101","C:\ObsidianProtocol-Autonomous-Warfare\Assets\Scripts\Editor\ObsidianOverlays33Builder.cs","0","0","2"
"180","5707","C:\ObsidianProtocol-Autonomous-Warfare\Assets\Scripts\Editor\ObsidianPolish34Builder.cs","0","0","2"
